"rep","reml_held","reml_how","reml_ratio","reml_sd_slope","reml_cor","reml_sd_int","reml_sd_int_red","ml_held","ml_how","ml_ratio","ml_sd_slope","ml_cor","ml_sd_int","ml_sd_int_red"
1,TRUE,"boundary",1.00909967795536,0.074778085199376,-0.999999859221606,1,0.665195133434453,TRUE,"boundary",1.01203698954569,0.0680637540240858,-0.999999798340438,1,0.594060446144318
2,TRUE,"boundary",1.09891168963169,1.38351406576228,0.999999996127417,1,3.61036448944215e-05,TRUE,"boundary",1.11709812579093,1.15985708232902,0.999999995829485,1,3.26863032174723e-05
3,TRUE,"boundary",1.06479861224877,0.583662723447846,-0.999999984462326,1,0.231713559545404,TRUE,"boundary",1.07289054297546,0.493633524032022,-0.999999918163183,1,0.11521669079935
4,TRUE,"boundary",1.29509967502207,0.990877131231604,0.999999987611274,1,0.344331420796997,TRUE,"boundary",1.28044468234966,0.981279619210398,0.99999998809606,1,0.300161146466643
5,FALSE,"tmb",1.05691261216305,0.214570854979887,-0.00697032356000922,1,0.679951932871243,TRUE,"boundary",1.04316779609708,0.00248158774797452,-0.999348540273901,1,0.621751232185633
6,TRUE,"boundary",1.01180549241216,0.218629317283064,-0.99999987900735,1,0.32722125400986,TRUE,"boundary",1.0020906203276,0.184236471078961,-0.999999912557236,1,0.272135738108773
7,TRUE,"boundary",1.70193969587338,3.30199586627027,-0.999999979985343,1,0.000284280375123632,TRUE,"boundary",1.63220383469673,3.266380880487,-0.999999991262021,1,4.49072233198444e-05
8,FALSE,"tmb",1.28046048686636,0.700526797643456,-0.647069805677307,1,0.625765957324913,FALSE,"tmb",1.24065723224528,0.696650393965854,-0.73071838932997,1,0.558695683287756
9,TRUE,"boundary",1.02506814082168,0.276581034173087,0.999999976953336,1,0.477098475445114,TRUE,"boundary",1.03180647234671,0.267907514556541,0.999999944579084,1,0.409841072808746
10,TRUE,"boundary",1.19732036470642,0.373292674456538,-0.999999991591419,1,0.72866501697014,TRUE,"boundary",1.17483880074045,0.373315563248717,-0.999999995735898,1,0.663866965934306
11,TRUE,"boundary",1.09303260664073,0.352083315622013,-0.999999942997972,1,0.738600293955784,FALSE,"none",1.0856583728972,0.390748076997963,-0.999999999999997,1,0.672995464324294
12,TRUE,"boundary",1.00861477843626,0.120532213606691,-0.99999997177257,1,0.643367259541438,TRUE,"boundary",1.1273824552523,0.11991336896838,-0.999999983934914,1,0.590490810844134
13,TRUE,"boundary",0.99784734856959,0.0703914633408682,-0.999999685671061,1,0.620622908414912,TRUE,"boundary",1.09066499018716,0.0491475367388986,-0.999999458979465,1,0.562749313725629
14,FALSE,"tmb",1.12943137341633,0.733078643697992,0.971804557139752,1,0.335291907678463,TRUE,"boundary",1.09013742026768,0.660422728829151,0.99999995931091,1,0.259844726539417
15,TRUE,"boundary",0.998969923033379,0.109533592731303,0.999999829256322,1,0.612958443218934,TRUE,"boundary",1.05447439682333,0.116310252380186,0.99999992525224,1,0.550246669598808
16,TRUE,"boundary",1.19288145383043,0.632865926161094,-0.999999973689006,1,0.338361344202403,TRUE,"boundary",1.23140880912197,0.604499454269792,-0.999999987434379,1,0.27877341610257
17,TRUE,"boundary",1.00432102544351,0.0993359380108757,0.999999760264733,1,0.544120839622104,TRUE,"boundary",1.03874070646695,0.124890854870241,0.999999912028952,1,0.475401526828101
18,TRUE,"boundary",1.02135845164329,0.252816977059045,-0.999999979041898,1,0.679180334644114,TRUE,"boundary",1.02302288606417,0.260950884187596,-0.999999975803451,1,0.616774131350634
19,TRUE,"boundary",1.08793320057271,0.419200592088516,-0.99999989019386,1,0.511137437168029,TRUE,"boundary",1.08330826082291,0.399555965128717,-0.999999961654636,1,0.45745981985977
20,FALSE,"tmb",1.25161776890244,0.683090163959301,0.297463491667758,1,0.412835789824417,FALSE,"tmb",1.31959968753364,0.604958792450907,0.32825553739528,1,0.362919543141969
21,FALSE,"tmb",1.04825350704469,0.315895736329848,-0.393705274984876,1,0.468239385961606,TRUE,"boundary",1.0210048714821,0.161277780105553,-0.999999645424277,1,0.410163939404259
22,TRUE,"boundary",1.08237424981884,0.456086411392356,0.99999999464653,1,0.489147532045522,TRUE,"boundary",1.06211251017572,0.448467500407087,0.999999989553769,1,0.426694627274958
23,TRUE,"boundary",1.14140340212521,0.580004288932199,-0.999999991373534,1,0.567142026020181,TRUE,"boundary",1.13503970234511,0.574304777105486,-0.999999984890181,1,0.507569245305033
24,TRUE,"boundary",1.00105795514778,0.171706159687969,-0.999999924878637,1,0.384607915865454,TRUE,"boundary",1.00000356501967,0.167838487563537,-0.999999932108738,1,0.321503948493795
25,TRUE,"boundary",1.0043054312981,0.1754387422284,0.999999875052755,1,0.436070336637117,TRUE,"boundary",1.01132791093694,0.171410259466964,0.999999935247503,1,0.384078222143683
26,TRUE,"boundary",1.0692657364912,0.261263439516042,0.999999973968798,1,0.567789866309217,TRUE,"boundary",1.06464270641788,0.252803580763791,0.999999996277512,1,0.509553132819511
27,TRUE,"boundary",1.00256281038201,0.0552521844156811,-0.99999800259795,1,0.612469900052588,TRUE,"boundary",1.02973362964822,0.0533863197636442,-0.999999541801101,1,0.549093164870288
28,TRUE,"boundary",1.08723836941476,0.369130185266879,-0.999999968062883,1,0.472623639467679,TRUE,"boundary",1.11997889823348,0.367525576035274,-0.999999976002343,1,0.425123330719227
29,FALSE,"tmb",1.28389129651,0.511044459899247,-0.768602103554767,1,0.577780818358261,TRUE,"boundary",1.19294561341492,0.477472240661876,-0.9999999679823,1,0.524776535358784
30,TRUE,"boundary",1.0235514110713,0.175229838371968,0.999999968985735,1,0.641328437826413,TRUE,"boundary",1.03799693591336,0.176639363969205,0.999999974080437,1,0.580372571051963
31,FALSE,"tmb",1.5204963060213,0.935318929620363,0.441471355138543,1,0.505395089934342,FALSE,"tmb",1.42541436135899,0.909519581667442,0.438779015196562,1,0.443741984773223
32,TRUE,"boundary",1.03178217356348,0.289512412715827,-0.999999937052337,1,0.536645040171357,TRUE,"boundary",1.02346020528925,0.254292784244887,-0.999999936989458,1,0.46708374913851
33,TRUE,"boundary",1.11431011529602,0.395969116701296,0.999999978685802,1,0.482785205562737,TRUE,"boundary",1.10865969330115,0.386154260072471,0.999999987048307,1,0.423874319117942
34,TRUE,"boundary",1.12276635836173,0.866298260775904,-0.999999999303566,1,4.23324337730201e-05,TRUE,"boundary",1.10597217567075,0.861068677522604,-0.999999962159152,1,2.76862188428239e-05
35,FALSE,NA,NA,NA,NA,NA,0.57385212095086,TRUE,"boundary",1.00072437682689,0.171941487501426,-0.999999927276968,1,0.500353706299109
36,TRUE,"boundary",1.01331276129712,0.210621452220367,0.999999954689246,1,0.738955136591163,TRUE,"boundary",1.01110564602721,0.208234430687633,0.999999975346014,1,0.674851566571078
37,FALSE,"tmb",1.16660677526847,1.14387187511206,-0.189459856782439,1,0.262640990356694,FALSE,"tmb",1.10950497092681,1.14889037425369,-0.194281819492373,1,0.19136984147798
38,TRUE,"boundary",1.00382379221806,0.0911608319736471,0.999999864590366,1,0.414494615387716,TRUE,"boundary",1.02782062805767,0.0894404908956091,0.999999956876334,1,0.36014915068973
39,TRUE,"boundary",1.00641549802922,0.0836292581787017,0.999999962943562,1,0.343336586420882,TRUE,"boundary",1.02108586614092,0.0805253072601578,0.999999888255121,1,0.292098206906024
40,TRUE,"boundary",1.14625582736673,0.474324090976132,-0.999999983935255,1,0.54578627232773,TRUE,"boundary",1.16831560546363,0.473639860746691,-0.999999974835651,1,0.484015068036714
