"cell","arm","G","m","n","reml_ok","ml_ok","reml_failed","ml_failed","reml_held","ml_held","held_zero","ratio_median","ratio_within","ratio_max","cover_held_s","mcse_held","cover_reml_s","cover_ml_s","cover_reml_z","cover_ml_z","reml_only","ml_only","p_paired"
1,"H1",8,5,1000,1000,1000,0,0,0.557,0.727,557,1.00000000310957,1,1.77653006602937,0.958707360861759,0.00923462378666013,0.972,0.962,0.964,0.943,10,0,0.001953125
2,"H1",20,5,1000,1000,1000,0,0,0.551,0.67,551,1.00000000456264,1,1.41325307377104,0.927404718693285,0.00928476690885259,0.948,0.944,0.944,0.942,4,0,0.125
3,"H2",8,5,1000,998,999,7,10,0.768537074148297,0.828828828828829,767,1.03986012363451,0.460234680573664,2.2611517921993,0.970013037809648,0.00786953593472327,0.975951903807615,0.973973973973974,0.963927855711423,0.95995995995996,3,1,0.625
4,"H2",20,5,1000,1000,1000,8,9,0.676,0.751,676,1.01405420954339,0.643491124260355,1.62404432942598,0.965976331360947,0.00838249796834745,0.971,0.968,0.964,0.965,4,1,0.375
5,"H2",8,10,1000,1000,1000,1,5,0.751,0.826,751,1.03856309681508,0.455392809587217,2.04720355928442,0.96138482023968,0.00795292407429858,0.97,0.965,0.963,0.953,5,0,0.0625
6,"H2",20,10,1000,1000,1000,1,0,0.662,0.722,662,1.01311381710086,0.694864048338369,1.54639214369064,0.95166163141994,0.00847067092154023,0.96,0.957,0.957,0.956,3,0,0.25
7,"H3",8,10,1000,1000,1000,4,10,0.705,0.795,705,0.999999940988682,0.982978723404255,1.38994991474587,0.957446808510638,0.00820828158172115,0.965,0.953,0.943,0.934,12,0,0.00048828125
8,"H3",20,10,1000,1000,1000,13,12,0.646,0.696,646,0.999999815174412,0.996904024767802,1.18388032685024,0.945820433436533,0.00857492925712544,0.952,0.946946946946947,0.941,0.934934934934935,6,0,0.03125
9,"H4",8,NA,1000,1000,1000,0,0,0.594,0.649,566,1.00000000042121,1,1.03429626501506,0.945229681978799,0.00916090942451124,0.944,0.944,0.939,0.939,1,1,1
10,"H4",20,NA,1000,1000,1000,0,0,0.564,0.575,564,1.00000000056197,1,1.00866479862118,0.943262411347518,0.009177137797594,0.941,0.941,0.941,0.941,0,0,1
