"run","cell","reml_fails","ml_fails","reml_only","ml_only","p"
"main","all",34,46,33,45,0.212682819850807
"main","1",0,0,0,0,1
"main","2",0,0,0,0,1
"main","3",7,10,7,10,0.629058837890625
"main","4",8,9,8,9,1
"main","5",1,5,1,5,0.21875
"main","6",1,0,1,0,1
"main","7",4,10,4,10,0.1795654296875
"main","8",13,12,12,11,1
"main","9",0,0,0,0,1
"main","10",0,0,0,0,1
"fresh","all",29,18,29,18,0.143865088440549
"fresh","1",0,0,0,0,1
"fresh","2",0,0,0,0,1
"fresh","3",5,3,5,3,0.7265625
"fresh","4",3,0,3,0,0.25
"fresh","5",2,2,2,2,1
"fresh","6",2,0,2,0,0.5
"fresh","7",7,6,7,6,1
"fresh","8",10,7,10,7,0.629058837890625
"fresh","9",0,0,0,0,1
"fresh","10",0,0,0,0,1
