"family","design","disp","cell","rep","seed","ok","logdisp","inv_sqrt","se_logdisp","ll","ll_limit","push","held","how","se_ratio_x","draws_finite","limit_ll","push_down"
"nbinom","ar1",Inf,1,1,7920,TRUE,17.0048378181324,0.000202976792307522,NA,-652.131781317045,-652.131780766598,-5.56961481379403e-07,"","none",NA,NA,TRUE,TRUE
"nbinom","ar1",50,2,1,15839,TRUE,17.4602507364826,0.000161642190158072,0,-589.989503902649,-589.989503524643,-3.51506855622574e-07,"g","boundary",NA,NA,TRUE,TRUE
"nbinom","ar1",5,3,1,23758,TRUE,0.820124374133266,0.663608980957211,0.343426468569808,-633.773162499646,-635.126758872477,16.1524405275403,"","recomputed",NA,NA,FALSE,FALSE
"nbinom","ar1",1,4,1,31677,TRUE,-0.271644569194296,1.14547830636643,0.250487296364053,-579.497612353804,-580.647968123803,40.832817775046,"","recomputed",NA,NA,FALSE,FALSE
"nbinom","ri",Inf,5,1,39596,TRUE,17.3026097428538,0.000174898479165906,8.43848118057105,-500.380858825289,-500.380856589761,-2.1242614707262e-06,"","tmb",NA,NA,TRUE,TRUE
"nbinom","ri",50,6,1,47515,TRUE,4.61530895779427,0.0994943441748368,2.97539142449099,-535.305550418481,-535.366319610412,0.0549714024299419,"","tmb",NA,NA,FALSE,FALSE
"nbinom","ri",5,7,1,55434,TRUE,2.19839863013761,0.333137715288531,0.39176537375125,-582.25629682663,-587.651245930909,4.72160920865906,"","tmb",NA,NA,FALSE,FALSE
"beta","ar1",10000,8,1,63353,TRUE,17.8162386969179,0.000135286020758874,0,218.176140120298,NA,0.000506916380345501,"g","boundary",NA,NA,TRUE,TRUE
"beta","ar1",200,9,1,71272,TRUE,17.9176811756357,0.000128595262250172,NA,181.66568447659,NA,-0.000478875599128514,"","none",NA,NA,TRUE,TRUE
"beta","ar1",20,10,1,79191,TRUE,5.94831914344987,0.0510903537440161,2.02583110665614,115.642630182521,NA,0.364350545535558,"","tmb",NA,NA,FALSE,FALSE
"beta","ri",200,11,1,87110,TRUE,5.23254765114699,0.0730746450325704,0.0858645773875351,507.847362158609,NA,2177.87819807968,"","tmb",NA,NA,FALSE,FALSE
"beta","ri",20,12,1,95029,TRUE,3.07282989082623,0.215151048704848,0.0845412128012185,224.345702773255,NA,2220.53036814704,"","tmb",NA,NA,FALSE,FALSE
"nbinom","ar1",Inf,1,2,7921,TRUE,16.0581686380181,0.000325846443750123,15.8989865082884,-581.379309668976,-581.379306395146,-1.65659002959728e-06,"","recomputed",NA,NA,TRUE,TRUE
"nbinom","ar1",50,2,2,15840,TRUE,16.8621714674953,0.000217984688528936,0,-579.972356355011,-579.972355963811,-3.96690325032978e-07,"g","boundary",NA,NA,TRUE,TRUE
"nbinom","ar1",5,3,2,23759,TRUE,15.9839924070799,0.000338158376215641,NA,-613.824478558105,-613.824477310414,-1.1857625850098e-06,"","none",NA,NA,TRUE,TRUE
"nbinom","ar1",1,4,2,31678,TRUE,-0.00652449673065006,1.00326757528853,0.304707456286475,-625.778008221331,-624.899368289532,30.8503016702963,"","tmb",NA,NA,TRUE,FALSE
"nbinom","ri",Inf,5,2,39597,TRUE,17.1161094390903,0.000191992409697179,11.7894470203777,-491.492190286015,-491.492190160634,-1.1918689324375e-07,"","tmb",NA,NA,TRUE,TRUE
"nbinom","ri",50,6,2,47516,TRUE,3.77128176725806,0.151731785844685,1.76634509129262,-499.859113420256,-500.039296953591,0.161976434303881,"","tmb",NA,NA,FALSE,FALSE
"nbinom","ri",5,7,2,55435,TRUE,1.7545212122913,0.415920723186115,0.332640652243038,-522.38474108978,-531.395004910848,7.88877753258657,"","tmb",NA,NA,FALSE,FALSE
"beta","ar1",10000,8,2,63354,TRUE,16.8915909885783,0.000214801654189846,0,189.013520368043,NA,0.000225930766191595,"g,ar","boundary",NA,NA,TRUE,TRUE
"beta","ar1",200,9,2,71273,TRUE,16.123283183103,0.000315408607977626,75.3253538911795,198.600098942568,NA,9.66662587416067e-05,"g","boundary",NA,NA,TRUE,TRUE
"beta","ar1",20,10,2,79192,TRUE,3.18991306681026,0.202917348437033,0.355759952594768,135.438869476218,NA,58.8914034341924,"","recomputed",NA,NA,FALSE,FALSE
"beta","ri",200,11,2,87111,TRUE,5.41527704764086,0.0666941174688333,0.0859039481802107,536.246797605667,NA,2176.31089457705,"","tmb",NA,NA,FALSE,FALSE
"beta","ri",20,12,2,95030,TRUE,3.09952689971322,0.212298187054125,0.0845887329849149,228.473974690494,NA,2216.42857815315,"","tmb",NA,NA,FALSE,FALSE
"nbinom","ar1",Inf,1,3,7922,TRUE,1.37707561302331,0.50231000677686,0.397720037154995,-642.607147181504,-644.056013997889,9.7634309659785,"","recomputed",NA,NA,FALSE,FALSE
"nbinom","ar1",50,2,3,15841,TRUE,16.3040948103831,0.000288144806111371,31.8116801661391,-651.628066368755,-651.628066282638,-8.18477019493002e-08,"","recomputed",NA,NA,TRUE,TRUE
"nbinom","ar1",5,3,3,23760,TRUE,19.7101952725715,5.24789911888976e-05,4.59905402453478,-583.112661513592,-583.112661534387,-2.03442596102832e-09,"g","boundary",NA,NA,TRUE,TRUE
"nbinom","ar1",1,4,3,31679,TRUE,0.210575712585876,0.900065395804179,0.318177278004384,-688.374424089231,-687.29106139974,33.4713628503738,"","tmb",NA,NA,TRUE,FALSE
"nbinom","ri",Inf,5,3,39598,TRUE,2.46088797558072,0.292162832150004,0.62279464891877,-488.652473493557,-490.515640757881,1.66735757500874,"","tmb",NA,NA,FALSE,FALSE
"nbinom","ri",50,6,3,47517,TRUE,3.63725130414157,0.162248583779011,1.15684582812913,-505.011247591077,-505.489318223672,0.426126507875722,"","tmb",NA,NA,FALSE,FALSE
"nbinom","ri",5,7,3,55436,TRUE,1.09842900145369,0.577403182075445,0.278530210509058,-509.838897958398,-525.026383914773,12.8615720121531,"","tmb",NA,NA,FALSE,FALSE
"beta","ar1",10000,8,3,63355,TRUE,16.3722880165377,0.000278485654925832,0,214.917152122413,NA,0.000107981873043173,"g","boundary",NA,NA,TRUE,TRUE
"beta","ar1",200,9,3,71274,TRUE,16.5860447006298,0.000250256954407498,NA,206.691534846061,NA,-0.000174515282196808,"","none",NA,NA,TRUE,TRUE
"beta","ar1",20,10,3,79193,TRUE,2.63711730836733,0.267520613932924,0.181631940123861,115.524441585552,NA,205.941692909997,"","recomputed",NA,NA,FALSE,FALSE
"beta","ri",200,11,3,87112,TRUE,5.27916170157134,0.0713911868459206,0.0858843160813901,516.41248303609,NA,2177.20533877228,"","tmb",NA,NA,FALSE,FALSE
"beta","ri",20,12,3,95031,TRUE,3.2344493906657,0.198448691111507,0.0847896518937092,248.652561434718,NA,2211.03607392053,"","tmb",NA,NA,FALSE,FALSE
"nbinom","ar1",Inf,1,4,7923,TRUE,18.5751014611946,9.25695105177785e-05,5.8480034618741,-618.620015013003,-618.620014993465,-5.9604076341202e-08,"g","boundary",NA,NA,TRUE,TRUE
"nbinom","ar1",50,2,4,15842,TRUE,17.3256236739937,0.000172897463277904,NA,-623.07459642852,-623.074596439742,-2.77512981483596e-08,"","none",NA,NA,TRUE,TRUE
"nbinom","ar1",5,3,4,23761,TRUE,16.0399696704292,0.000328825009336938,44.2204853083022,-631.696872275827,-631.696871338256,-9.32571083467337e-07,"","none",NA,NA,TRUE,TRUE
"nbinom","ar1",1,4,4,31680,TRUE,-0.121784330522417,1.06278430294007,0.249388637267746,-569.106959348121,-570.080619972758,40.8493120583173,"","recomputed",NA,NA,FALSE,FALSE
"nbinom","ri",Inf,5,4,39599,TRUE,3.20421882094463,0.201471084230244,1.09301218230587,-517.154534053962,-517.657867886556,0.452212233200726,"","tmb",NA,NA,FALSE,FALSE
"nbinom","ri",50,6,4,47518,TRUE,17.8932007696861,0.000130178967022803,22.3912753251454,-471.154168874154,-471.154167782247,-1.03761612990638e-06,"","tmb",NA,NA,TRUE,TRUE
"nbinom","ri",5,7,4,55437,TRUE,1.90290692381476,0.386179318416214,0.451395546764585,-491.930566733146,-495.830895734309,3.47282765791283,"","tmb",NA,NA,FALSE,FALSE
"beta","ar1",10000,8,4,63356,TRUE,16.7256375144714,0.000233385548523906,NA,204.632235304674,NA,0.000160364195835427,"","none",NA,NA,TRUE,TRUE
"beta","ar1",200,9,4,71275,TRUE,16.3710090741689,0.000278663795429219,16.2973556418176,219.367605798529,NA,7.61329365559504e-05,"","tmb",NA,NA,TRUE,TRUE
"beta","ar1",20,10,4,79194,TRUE,2.76069142630021,0.251491594077977,0.265819588481191,112.284962424242,NA,122.35791992493,"","recomputed",NA,NA,FALSE,FALSE
"beta","ri",200,11,4,87113,TRUE,5.24126551349048,0.0727568108962802,0.0858767093085043,511.103591774336,NA,2177.25597816469,"","tmb",NA,NA,FALSE,FALSE
"beta","ri",20,12,4,95032,TRUE,3.06216039915451,0.216301891864515,0.0845502289054778,223.388844752779,NA,2219.64783524487,"","tmb",NA,NA,FALSE,FALSE
"nbinom","ar1",Inf,1,5,7924,TRUE,18.3745688512021,0.000102332378920232,7.3382361384375,-675.654421026435,-675.654420960991,-8.82738504515146e-08,"","none",NA,NA,TRUE,TRUE
"nbinom","ar1",50,2,5,15843,TRUE,19.2894207221312,6.47672579361436e-05,7.96854783920258,-633.964315903518,-633.964315906337,-3.86669398722006e-08,"g","boundary",NA,NA,TRUE,TRUE
"nbinom","ar1",5,3,5,23762,TRUE,19.7871518297992,5.04980460303617e-05,14.1220171969695,-661.090729081122,-661.090729070065,-1.07594360088115e-08,"","recomputed",NA,NA,TRUE,TRUE
"nbinom","ar1",1,4,5,31681,TRUE,0.0853472335512676,0.958224087301968,0.238201631945469,-610.758452852328,-612.491879571218,42.3224186728469,"","recomputed",NA,NA,FALSE,FALSE
"nbinom","ri",Inf,5,5,39600,TRUE,4.18875310825341,0.123146995212234,3.01974217548573,-486.60029249049,-486.659126253478,0.05313082238888,"","tmb",NA,NA,FALSE,FALSE
"nbinom","ri",50,6,5,47519,TRUE,16.6531933025613,0.000241994235756168,22.1867836460009,-496.842900682952,-496.842898911654,-1.68325567528882e-06,"","tmb",NA,NA,TRUE,TRUE
"nbinom","ri",5,7,5,55438,TRUE,1.41453419398187,0.49298965102724,0.257733766291847,-552.96276153916,-569.5114580718,14.1101471668778,"","tmb",NA,NA,FALSE,FALSE
"beta","ar1",10000,8,5,63357,TRUE,16.633227028583,0.000244422196530017,25.3947954477631,200.649144493517,NA,4.69807264380506e-06,"","recomputed",NA,NA,TRUE,TRUE
"beta","ar1",200,9,5,71276,TRUE,19.6644939741347,5.36919761753372e-05,0.0027215641446977,207.844857625238,NA,0.00342407415519119,"","none",NA,NA,FALSE,FALSE
"beta","ar1",20,10,5,79195,TRUE,2.82632410844412,0.243372508112612,0.271629656436748,139.783160821902,NA,138.061424452913,"","recomputed",NA,NA,FALSE,FALSE
"beta","ri",200,11,5,87114,TRUE,5.26250645029847,0.0719881882757859,0.0858778414857501,514.662082825184,NA,2177.20001537028,"","tmb",NA,NA,FALSE,FALSE
"beta","ri",20,12,5,95033,TRUE,3.02031215987858,0.220875501034078,0.0844811400635416,218.253941658396,NA,2223.95026148672,"","tmb",NA,NA,FALSE,FALSE
"nbinom","ar1",Inf,1,6,7925,TRUE,17.2933143438215,0.000175713246673518,9.46915451967984,-640.110115946257,-640.110115472815,-3.47071591022541e-07,"","none",NA,NA,TRUE,TRUE
"nbinom","ar1",50,2,6,15844,TRUE,17.6101236563833,0.00014997201796176,6.21937947262359,-612.349056394607,-612.349056019642,-3.5561618005886e-07,"","recomputed",NA,NA,TRUE,TRUE
"nbinom","ar1",5,3,6,23763,TRUE,2.52597358746745,0.282808074401978,1.6515195974291,-628.426398920551,-628.529292536305,0.908095675751952,"","recomputed",NA,NA,FALSE,FALSE
"nbinom","ar1",1,4,6,31682,TRUE,-0.213025883406044,1.11239232260361,0.217497187990918,-610.163860989781,-612.569617797029,51.3719149674171,"","recomputed",NA,NA,FALSE,FALSE
"nbinom","ri",Inf,5,6,39601,TRUE,22.9981268609379,1.0139585579898e-05,NA,-473.498872248874,-473.498872243596,-7.20308435120387e-09,"","none",NA,NA,TRUE,TRUE
"nbinom","ri",50,6,6,47520,TRUE,4.81584013958936,0.090002298526498,4.12666009549642,-525.031603029758,-525.062541655984,0.0280824083596372,"","tmb",NA,NA,FALSE,FALSE
"nbinom","ri",5,7,6,55439,TRUE,2.70303478314575,0.258847189955534,0.801877677411046,-503.301147925138,-504.307151788676,0.899796905505127,"","tmb",NA,NA,FALSE,FALSE
"beta","ar1",10000,8,6,63358,TRUE,19.3438013962795,6.30299405185868e-05,NA,202.082192161036,NA,-0.0048651388719918,"","none",NA,NA,TRUE,TRUE
"beta","ar1",200,9,6,71277,TRUE,18.2080885955814,0.000111215110699893,0,202.613440399663,NA,0.000300835802136135,"g","boundary",NA,NA,TRUE,TRUE
"beta","ar1",20,10,6,79196,TRUE,2.73177494366926,0.255154133370995,0.276560623514986,107.560111797732,NA,113.521003052229,"","recomputed",NA,NA,FALSE,FALSE
"beta","ri",200,11,6,87115,TRUE,5.3227467804372,0.0698522214791054,0.0858840827508956,520.820678768315,NA,2177.19472400575,"","tmb",NA,NA,FALSE,FALSE
"beta","ri",20,12,6,95034,TRUE,3.02297551145898,0.220581562235732,0.0844733846450362,217.19812657225,NA,2222.38142542651,"","tmb",NA,NA,FALSE,FALSE
"nbinom","ar1",Inf,1,7,7926,TRUE,16.2491996086257,0.000296163229590941,19.2416919041096,-628.199365773992,-628.199364902531,-8.28223051030363e-07,"","recomputed",NA,NA,TRUE,TRUE
"nbinom","ar1",50,2,7,15845,TRUE,1.8422258918605,0.398075757660609,0.639775686158605,-589.887816690906,-590.252431784678,4.21814817724146,"","recomputed",NA,NA,FALSE,FALSE
"nbinom","ar1",5,3,7,23764,TRUE,0.909932278640166,0.634469451151511,0.33206937260565,-600.464103421509,-602.402893592897,15.2060442143717,"","recomputed",NA,NA,FALSE,FALSE
"nbinom","ar1",1,4,7,31683,TRUE,0.0750117720188051,0.963188748366107,0.259461757288364,-649.30370707943,-649.070986860723,42.5734331625483,"","recomputed",NA,NA,TRUE,FALSE
"nbinom","ri",Inf,5,7,39602,TRUE,3.72997717957013,0.154897977294038,1.71953935672609,-514.046842490701,-514.242101827992,0.176550452411902,"","tmb",NA,NA,FALSE,FALSE
"nbinom","ri",50,6,7,47521,TRUE,16.429465335638,0.000270636851304014,18.3637750710128,-490.676063070002,-490.676062128966,-8.94306765530928e-07,"","recomputed",NA,NA,TRUE,TRUE
"nbinom","ri",5,7,7,55440,TRUE,2.17291902347423,0.337408973992067,0.508281237529571,-525.601216696318,-528.569148548048,2.63715515719014,"","tmb",NA,NA,FALSE,FALSE
"beta","ar1",10000,8,7,63359,TRUE,17.5816496389145,0.0001521224423742,18.2262655030641,213.629566363403,NA,0.000206172135222005,"","recomputed",NA,NA,TRUE,TRUE
"beta","ar1",200,9,7,71278,TRUE,18.051871026153,0.000120250256842477,11.8180487806698,213.504125082193,NA,-0.000254459540428797,"","tmb",NA,NA,TRUE,TRUE
"beta","ar1",20,10,7,79197,TRUE,2.51161581960979,0.284845625663589,0.176030546305015,103.979786143493,NA,229.336562526467,"","recomputed",NA,NA,FALSE,FALSE
"beta","ri",200,11,7,87116,TRUE,5.33383265147655,0.0694661062141366,0.0858833330443953,525.69458308063,NA,2177.08516117101,"","tmb",NA,NA,FALSE,FALSE
"beta","ri",20,12,7,95035,TRUE,2.94713324632367,0.229106888306824,0.0842580974117178,209.753483157884,NA,2229.21911196741,"","tmb",NA,NA,FALSE,FALSE
"nbinom","ar1",Inf,1,8,7927,TRUE,17.1106258019947,0.000192519540365213,NA,-593.434293521806,-593.434292444661,-5.39388111064909e-07,"","none",NA,NA,TRUE,TRUE
"nbinom","ar1",50,2,8,15846,TRUE,19.9239332552161,4.71598988271509e-05,NA,-597.493821756514,-597.493821741478,-1.44423211168032e-08,"","none",NA,NA,TRUE,TRUE
"nbinom","ar1",5,3,8,23765,TRUE,1.17842893123607,0.554762898948099,0.360223306962905,-652.561262580054,-655.177396128612,11.5956388931635,"","recomputed",NA,NA,FALSE,FALSE
"nbinom","ar1",1,4,8,31684,TRUE,-0.0429832905816286,1.02172425409271,0.260419110797702,-612.681259460885,-613.057837483219,38.3736743360871,"","recomputed",NA,NA,FALSE,FALSE
"nbinom","ri",Inf,5,8,39603,TRUE,20.4086691943862,3.7009549012697e-05,4.2270965750928,-478.35581423811,-478.355814198442,-3.94815629078948e-08,"","tmb",NA,NA,TRUE,TRUE
"nbinom","ri",50,6,8,47522,TRUE,3.92466027478664,0.140530583548687,1.7767941036379,-531.612355450902,-531.789075786242,0.158808023954634,"","tmb",NA,NA,FALSE,FALSE
"nbinom","ri",5,7,8,55441,TRUE,1.43888787208372,0.487022996613638,0.306739294838865,-512.119827481503,-523.623861773868,9.82390456342887,"","tmb",NA,NA,FALSE,FALSE
"beta","ar1",10000,8,8,63360,TRUE,18.1487181819688,0.00011456604477668,NA,233.989897824407,NA,-0.000429976952091238,"","none",NA,NA,TRUE,TRUE
"beta","ar1",200,9,8,71279,TRUE,17.9413627278863,0.000127081573847229,NA,211.134212914294,NA,0.000590115726481599,"","none",NA,NA,TRUE,TRUE
"beta","ar1",20,10,8,79198,TRUE,2.60754080230534,0.271506173560851,0.170325321738827,117.056162049045,NA,231.894507056738,"","recomputed",NA,NA,FALSE,FALSE
"beta","ri",200,11,8,87117,TRUE,5.24121882625474,0.0727585093232949,0.0858701756766876,510.718444273711,NA,2177.65737533237,"","tmb",NA,NA,FALSE,FALSE
"beta","ri",20,12,8,95036,TRUE,2.86810878692325,0.238340633951364,0.0841971361339936,199.498614588635,NA,2230.1755966208,"","tmb",NA,NA,FALSE,FALSE
"nbinom","ar1",Inf,1,9,7928,TRUE,15.7284204366227,0.00038425267332654,33.8247095282489,-619.482658090882,-619.482657820391,-2.57265924119565e-07,"","tmb",NA,NA,TRUE,TRUE
"nbinom","ar1",50,2,9,15847,TRUE,16.1414542187064,0.000312555936078879,14.8173678689469,-615.408250709683,-615.408249424428,-1.24329631034925e-06,"","recomputed",NA,NA,TRUE,TRUE
"nbinom","ar1",5,3,9,23766,TRUE,16.2351174587644,0.000298255895746177,0,-625.558898047157,-625.558897390624,-6.48239847578225e-07,"g","boundary",NA,NA,TRUE,TRUE
"nbinom","ar1",1,4,9,31685,TRUE,-0.484920110123838,1.27438034310281,0.184869975652382,-628.6375047592,-633.043327660305,94.2566231239201,"","tmb",NA,NA,FALSE,FALSE
"nbinom","ri",Inf,5,9,39604,TRUE,3.92082020556609,0.140800666334078,2.2424988242683,-473.353864420996,-473.463211138245,0.0986265835190352,"","tmb",NA,NA,FALSE,FALSE
"nbinom","ri",50,6,9,47523,TRUE,19.192035612858,6.79989831600275e-05,17.811792887869,-470.695145965561,-470.695145871659,-8.92309799382929e-08,"","tmb",NA,NA,TRUE,TRUE
"nbinom","ri",5,7,9,55442,TRUE,1.63902558589309,0.440646288195917,0.378183174983279,-508.961476003638,-515.04282378894,5.34304505343124,"","tmb",NA,NA,FALSE,FALSE
"beta","ar1",10000,8,9,63361,TRUE,18.3097296162842,0.000105704318667411,0,207.938629890055,NA,-2.69531365120201e-05,"g","boundary",NA,NA,TRUE,TRUE
"beta","ar1",200,9,9,71280,TRUE,16.3820045319068,0.000277135981039167,NA,228.289504550413,NA,9.04352655197727e-05,"","none",NA,NA,TRUE,TRUE
"beta","ar1",20,10,9,79199,TRUE,2.82240392071684,0.243850008892638,0.312983679260491,109.26073004775,NA,97.4806943719352,"","recomputed",NA,NA,FALSE,FALSE
"beta","ri",200,11,9,87118,TRUE,5.32467070099401,0.0697850587258135,0.0858900780479292,524.086574887306,NA,2176.98453312987,"","tmb",NA,NA,FALSE,FALSE
"beta","ri",20,12,9,95037,TRUE,2.94236205735303,0.229654096885485,0.0844204189293552,210.385496107495,NA,2222.10578191325,"","tmb",NA,NA,FALSE,FALSE
"nbinom","ar1",Inf,1,10,7929,TRUE,19.1666144318392,6.88688066645905e-05,NA,-578.82044043121,-578.820440435989,-2.25653593588504e-08,"","none",NA,NA,TRUE,TRUE
"nbinom","ar1",50,2,10,15848,TRUE,3.34040478975417,0.188208969252422,4.23448658069206,-629.90929009307,-629.937307353134,0.179794166815441,"","tmb",NA,NA,FALSE,FALSE
"nbinom","ar1",5,3,10,23767,TRUE,17.1583079629816,0.000187983948050302,NA,-586.886146578611,-586.886146185149,-3.72233898815466e-07,"","none",NA,NA,TRUE,TRUE
"nbinom","ar1",1,4,10,31686,TRUE,0.0151418552910876,0.992457659637586,0.276706054874374,-636.282978566772,-636.104009108049,35.7026117041136,"","recomputed",NA,NA,TRUE,FALSE
"nbinom","ri",Inf,5,10,39605,TRUE,16.256729394177,0.000295050303126442,NA,-536.439312493856,-536.439312013084,-4.5684078031627e-07,"","none",NA,NA,TRUE,TRUE
"nbinom","ri",50,6,10,47524,TRUE,3.56043661907071,0.168601335971297,1.11095162764029,-499.04057472066,-499.534501670892,0.441748621896011,"","tmb",NA,NA,FALSE,FALSE
"nbinom","ri",5,7,10,55443,TRUE,1.34180146424291,0.511247872950677,0.265538209350573,-546.162739606949,-562.442400065771,13.7977641552869,"","tmb",NA,NA,FALSE,FALSE
"beta","ar1",10000,8,10,63362,TRUE,28.0682498921547,8.03631548290416e-07,0.0795420687522115,230.348029179789,NA,5.8084227468762,"","tmb",NA,NA,FALSE,FALSE
"beta","ar1",200,9,10,71281,TRUE,18.0718667735053,0.000119053999942279,NA,200.071342220735,NA,-0.000781873405230726,"","none",NA,NA,TRUE,TRUE
"beta","ar1",20,10,10,79200,TRUE,3.10249140006778,0.211983741130062,0.314432427348583,125.338735448861,NA,66.7049564282373,"","recomputed",NA,NA,FALSE,FALSE
"beta","ri",200,11,10,87119,TRUE,5.32941906314754,0.0696195728843557,0.0858845185645445,522.060083067931,NA,2177.25481359072,"","tmb",NA,NA,FALSE,FALSE
"beta","ri",20,12,10,95038,TRUE,2.83284695350599,0.242580060486944,0.0840795998481728,192.323078909917,NA,2238.44604768665,"","tmb",NA,NA,FALSE,FALSE
"nbinom","ar1",Inf,1,11,7930,TRUE,1.94249383326114,0.37861064773573,0.960815933809363,-638.393499651682,-638.498341579473,3.2154812727556,"","tmb",NA,NA,FALSE,FALSE
"nbinom","ar1",50,2,11,15849,TRUE,1.31976443147464,0.516912215030362,0.572226751138244,-607.84555382963,-608.243278237905,6.47693647912831,"","recomputed",NA,NA,FALSE,FALSE
"nbinom","ar1",5,3,11,23768,TRUE,1.06136047679008,0.588204714128499,0.518866951288428,-630.377395189622,-630.385467978322,12.534991981719,"","tmb",NA,NA,FALSE,FALSE
"nbinom","ar1",1,4,11,31687,TRUE,0.162201207040264,0.922100920179641,0.273392190954706,-634.111666719248,-634.072345401682,34.2188465340446,"","recomputed",NA,NA,TRUE,FALSE
"nbinom","ri",Inf,5,11,39606,TRUE,2.74506746527376,0.253463935425739,0.943002201016936,-467.255690060599,-467.951772829734,0.624475911272668,"","tmb",NA,NA,FALSE,FALSE
"nbinom","ri",50,6,11,47525,TRUE,2.67741486332103,0.262184340832727,0.718380929183401,-525.790913081808,-527.029740067016,1.11325440967437,"","tmb",NA,NA,FALSE,FALSE
"nbinom","ri",5,7,11,55444,TRUE,1.30611604784398,0.52045178675927,0.275783982534011,-518.364223386008,-532.270712981193,11.9177975863693,"","tmb",NA,NA,FALSE,FALSE
"beta","ar1",10000,8,11,63363,TRUE,19.5249941522247,5.75706841178269e-05,NA,216.375119059084,NA,-0.00260065073644,"","none",NA,NA,TRUE,TRUE
"beta","ar1",200,9,11,71282,TRUE,21.5443006742534,2.09756076227594e-05,NA,209.649302435654,NA,-0.0287710620668804,"","none",NA,NA,TRUE,TRUE
"beta","ar1",20,10,11,79201,TRUE,2.65654812525908,0.264934126635805,0.253714393209058,106.098366195855,NA,127.959731823947,"","tmb",NA,NA,FALSE,FALSE
"beta","ri",200,11,11,87120,TRUE,5.33650922703431,0.0693732027527932,0.0859314390763938,524.637410800121,NA,2175.62625636809,"","tmb",NA,NA,FALSE,FALSE
"beta","ri",20,12,11,95039,TRUE,2.91567268457261,0.232739298526397,0.0844281049590293,207.154943146182,NA,2223.09548029007,"","tmb",NA,NA,FALSE,FALSE
"nbinom","ar1",Inf,1,12,7931,TRUE,16.5350219126249,0.000256723492660902,NA,-700.757630941245,-700.75763047881,-4.78783022117568e-07,"","none",NA,NA,TRUE,TRUE
"nbinom","ar1",50,2,12,15850,TRUE,16.3092512856694,0.000287402857196892,10.0169613726391,-596.636645769701,-596.636644463056,-1.04908622233779e-06,"","recomputed",NA,NA,TRUE,TRUE
"nbinom","ar1",5,3,12,23769,TRUE,1.53082477971361,0.465142071544313,0.598747302133803,-640.030930235616,-640.83532718205,5.81807064256134,"","recomputed",NA,NA,FALSE,FALSE
"nbinom","ar1",1,4,12,31688,TRUE,-0.332655148446812,1.18095989038779,0.181174731283202,-606.689603008337,-610.891502115611,77.6354970559835,"","recomputed",NA,NA,FALSE,FALSE
"nbinom","ri",Inf,5,12,39607,TRUE,4.76299280793007,0.0924121880282991,4.58888435374026,-476.250114579976,-476.274947557333,0.0224100768776907,"","tmb",NA,NA,FALSE,FALSE
"nbinom","ri",50,6,12,47526,TRUE,16.7437898500489,0.000231276885889366,27.4585705474902,-515.590828215454,-515.590825048148,-3.00962392429938e-06,"","tmb",NA,NA,TRUE,TRUE
"nbinom","ri",5,7,12,55445,TRUE,1.58749540977181,0.452147102139128,0.306655000156418,-528.44873653818,-539.585330152895,9.6330889410807,"","tmb",NA,NA,FALSE,FALSE
"beta","ar1",10000,8,12,63364,TRUE,17.020096137372,0.000201434142004956,83.3817748557465,207.668492752039,NA,0.000222466349441675,"","none",NA,NA,TRUE,TRUE
"beta","ar1",200,9,12,71283,TRUE,18.0472921309159,0.000120525878897372,NA,202.969193713604,NA,8.03641933089239e-05,"","none",NA,NA,TRUE,TRUE
"beta","ar1",20,10,12,79202,TRUE,2.88871693670656,0.235897363647104,0.288744748443994,123.561525058299,NA,105.221072052951,"","tmb",NA,NA,FALSE,FALSE
"beta","ri",200,11,12,87121,TRUE,5.40534678142658,0.0670260860917405,0.0858923875485659,532.54340924401,NA,2176.9563963955,"","tmb",NA,NA,FALSE,FALSE
"beta","ri",20,12,12,95040,TRUE,2.87018500158729,0.23809333917321,0.0841942118883095,203.236185114722,NA,2230.9600847739,"","tmb",NA,NA,FALSE,FALSE
"nbinom","ar1",Inf,1,13,7932,TRUE,25.6195724240355,2.73388683564284e-06,0.672910055178052,-618.41601855008,-618.416018618338,1.11899200874177e-05,"g","boundary",NA,NA,TRUE,TRUE
"nbinom","ar1",50,2,13,15851,TRUE,18.3409192428761,0.000104068666546777,NA,-654.584856094485,-654.584856128089,-4.31498392572394e-09,"","none",NA,NA,TRUE,TRUE
"nbinom","ar1",5,3,13,23770,TRUE,15.7952690675506,0.000371621559835255,NA,-575.936948095195,-575.936947579196,-4.90464117319789e-07,"","none",NA,NA,TRUE,TRUE
"nbinom","ar1",1,4,13,31689,TRUE,-0.166428480664125,1.08677461456343,0.217538654018782,-642.389698433369,-642.270548639693,54.9415376870058,"","recomputed",NA,NA,TRUE,FALSE
"nbinom","ri",Inf,5,13,39608,TRUE,6.32729840256354,0.0422712031532755,22.9423758906338,-483.825274587435,-483.82623117765,0.000864442511044672,"","tmb",NA,NA,TRUE,TRUE
"nbinom","ri",50,6,13,47527,TRUE,5.0664241249536,0.0794035610310809,4.4666293977818,-529.300088420453,-529.32639336748,0.023734162159144,"","tmb",NA,NA,FALSE,FALSE
"nbinom","ri",5,7,13,55446,TRUE,1.17442862633992,0.555873619753702,0.247087063438074,-548.992885383988,-569.594522047681,17.2789207867838,"","tmb",NA,NA,FALSE,FALSE
"beta","ar1",10000,8,13,63365,TRUE,17.5283577738324,0.000156230373487678,NA,217.40942529316,NA,7.30261931494169e-05,"","none",NA,NA,TRUE,TRUE
"beta","ar1",200,9,13,71284,TRUE,19.2629591505951,6.56298736086264e-05,4.36565872293728,199.957107276857,NA,0.00163015359612473,"","tmb",NA,NA,FALSE,FALSE
"beta","ar1",20,10,13,79203,TRUE,17.400076298481,0.000166579455986687,NA,131.983440138978,NA,-0.000170812750184268,"","none",NA,NA,TRUE,TRUE
"beta","ri",200,11,13,87122,TRUE,5.36957109284618,0.0682358258442615,0.0858918457630469,528.837724523397,NA,2176.84957591391,"","tmb",NA,NA,FALSE,FALSE
"beta","ri",20,12,13,95041,TRUE,3.15974763183387,0.206001090623665,0.0846832399445165,235.823576991621,NA,2217.16759976229,"","tmb",NA,NA,FALSE,FALSE
"nbinom","ar1",Inf,1,14,7933,TRUE,18.6068951057618,9.11095842986012e-05,12.9544901115343,-588.544742785099,-588.544742675197,-1.04419541457901e-07,"","tmb",NA,NA,TRUE,TRUE
"nbinom","ar1",50,2,14,15852,TRUE,17.2805874430258,0.000176834954383505,27.8348081304821,-571.936006678523,-571.936006447302,-2.45639398599451e-07,"g","boundary",NA,NA,TRUE,TRUE
"nbinom","ar1",5,3,14,23771,TRUE,16.5558667133082,0.000254061712805853,NA,-585.169779367417,-585.169779003102,-3.7443021483341e-07,"","none",NA,NA,TRUE,TRUE
"nbinom","ar1",1,4,14,31690,TRUE,-0.0852738270404298,1.04355892391903,0.217988856288735,-648.393171476064,-651.730780237987,54.0005804331257,"","tmb",NA,NA,FALSE,FALSE
"nbinom","ri",Inf,5,14,39609,TRUE,4.06311056595778,0.131131416009694,1.5553566848188,-512.080041505393,-512.330518637905,0.224983715501821,"","tmb",NA,NA,FALSE,FALSE
"nbinom","ri",50,6,14,47528,TRUE,2.4538691746239,0.293189949762288,0.536651149043558,-529.280353394734,-531.91099186798,2.31686156007208,"","tmb",NA,NA,FALSE,FALSE
"nbinom","ri",5,7,14,55447,TRUE,2.25991285642662,0.32304733186504,0.468772220617024,-521.701220826996,-525.248209453381,3.12706276200345,"","tmb",NA,NA,FALSE,FALSE
"beta","ar1",10000,8,14,63366,TRUE,17.6571949192984,0.000146483544558429,9.13076048586768,224.811075439531,NA,0.000205076116344571,"","recomputed",NA,NA,TRUE,TRUE
"beta","ar1",200,9,14,71285,TRUE,6.93472104271286,0.0311992718881764,5.69332488731732,192.06080561121,NA,0.070546613972283,"","tmb",NA,NA,FALSE,FALSE
"beta","ar1",20,10,14,79204,TRUE,4.14296274396357,0.12599899201019,0.965035118318181,106.297493141974,NA,8.57972258786685,"","recomputed",NA,NA,FALSE,FALSE
"beta","ri",200,11,14,87123,TRUE,5.40737687541638,0.0669580859819652,0.085905038741926,532.574158148151,NA,2176.4788654458,"","tmb",NA,NA,FALSE,FALSE
"beta","ri",20,12,14,95042,TRUE,2.93194192747724,0.230853732018332,0.0844838877627177,213.863857003998,NA,2223.94692947228,"","tmb",NA,NA,FALSE,FALSE
"nbinom","ar1",Inf,1,15,7934,TRUE,16.8685526997364,0.000217290291434046,NA,-617.041235159789,-617.041234515608,-6.26338760412182e-07,"","none",NA,NA,TRUE,TRUE
"nbinom","ar1",50,2,15,15853,TRUE,21.3174757390502,2.34946488906276e-05,3.46934636789219,-620.327831966834,-620.327831988718,-6.19843376625795e-09,"","none",NA,NA,TRUE,TRUE
"nbinom","ar1",5,3,15,23772,TRUE,12.5247298750268,0.00190673116027142,0,-669.11827869479,-669.108240452606,-2.42238013470342e-05,"g,ar","boundary",NA,NA,TRUE,TRUE
"nbinom","ar1",1,4,15,31691,TRUE,-0.0141914278793228,1.00712094816746,0.206603724669143,-662.965395551115,-664.988664722851,59.506889031437,"","recomputed",NA,NA,FALSE,FALSE
"nbinom","ri",Inf,5,15,39610,TRUE,3.47160448513214,0.176258741286809,1.58508499282224,-495.662424689349,-495.886958217884,0.202584688724301,"","tmb",NA,NA,FALSE,FALSE
"nbinom","ri",50,6,15,47529,TRUE,17.3814909401524,0.000168134640148932,22.3974558706569,-475.428596622052,-475.428595601748,-9.70900657648599e-07,"","tmb",NA,NA,TRUE,TRUE
"nbinom","ri",5,7,15,55448,TRUE,1.79829273453188,0.406916869084377,0.325814796652826,-546.43057600898,-556.528396384257,8.7098333107665,"","tmb",NA,NA,FALSE,FALSE
"beta","ar1",10000,8,15,63367,TRUE,14.2143231071813,0.000819216998648764,62.2929768551109,210.119584998961,NA,-0.000180539079337905,"","none",NA,NA,TRUE,TRUE
"beta","ar1",200,9,15,71286,TRUE,3.57841536776766,0.16709250731993,0.267172904528275,200.303909302886,NA,78.1047687917325,"","recomputed",NA,NA,FALSE,FALSE
"beta","ar1",20,10,15,79205,TRUE,3.23180346943747,0.198711404655289,0.474947282438652,130.812522415309,NA,46.7775131853052,"","recomputed",NA,NA,FALSE,FALSE
"beta","ri",200,11,15,87124,TRUE,5.42214907950494,0.0664653486703295,0.085901440757694,536.741650169996,NA,2176.61694625582,"","tmb",NA,NA,FALSE,FALSE
"beta","ri",20,12,15,95043,TRUE,2.9806870684742,0.225295245613396,0.0843978259223086,213.394497580933,NA,2227.13422836663,"","tmb",NA,NA,FALSE,FALSE
"nbinom","ar1",Inf,1,16,7935,TRUE,2.6891268674049,0.260653475547363,2.80749703855991,-613.860239827213,-613.876460494363,0.628316388666576,"","tmb",NA,NA,FALSE,FALSE
"nbinom","ar1",50,2,16,15854,TRUE,19.6937041886049,5.29134978235328e-05,NA,-583.253521646763,-583.253521676239,-4.3600039134617e-09,"","none",NA,NA,TRUE,TRUE
"nbinom","ar1",5,3,16,23773,TRUE,15.9859692906475,0.000337824291485898,21.0387548892986,-622.017174284878,-622.017173791996,-4.94162463837711e-07,"g","boundary",NA,NA,TRUE,TRUE
"nbinom","ar1",1,4,16,31692,TRUE,0.0671889434838042,0.966963556184727,0.254718425397128,-627.32944025394,-628.092874366428,40.099999009614,"","tmb",NA,NA,FALSE,FALSE
"nbinom","ri",Inf,5,16,39611,TRUE,18.5154856564525,9.53703496411017e-05,8.91420960185334,-528.192214096623,-528.192213491013,-5.75459580431925e-07,"","recomputed",NA,NA,TRUE,TRUE
"nbinom","ri",50,6,16,47530,TRUE,3.77221617085268,0.151660913038869,1.1636423966593,-523.426676311146,-523.901078289294,0.423629807817179,"","tmb",NA,NA,FALSE,FALSE
"nbinom","ri",5,7,16,55449,TRUE,1.93516222569106,0.38000110709976,0.390559406694316,-528.457451473618,-534.002396439531,4.87500922122263,"","tmb",NA,NA,FALSE,FALSE
"beta","ar1",10000,8,16,63368,TRUE,16.5554676176275,0.000254112415330581,NA,250.147893546194,NA,2.32066595344804e-05,"","none",NA,NA,TRUE,TRUE
"beta","ar1",200,9,16,71287,TRUE,16.8128382600661,0.000223428494542634,0,195.90282030209,NA,5.35793164999632e-05,"g,ar","boundary",NA,NA,TRUE,TRUE
"beta","ar1",20,10,16,79206,TRUE,16.5129383169038,0.000259573889364762,6.30627434535994,121.295808419023,NA,5.0947860472661e-06,"","none",NA,NA,TRUE,TRUE
"beta","ri",200,11,16,87125,TRUE,5.36094181441219,0.0685308748717841,0.0858906949037424,527.784765185892,NA,2176.88782625241,"","tmb",NA,NA,FALSE,FALSE
"beta","ri",20,12,16,95044,TRUE,3.02137552761266,0.220758096307419,0.0844288155332516,219.59361271884,NA,2224.10328898038,"","tmb",NA,NA,FALSE,FALSE
"nbinom","ar1",Inf,1,17,7936,TRUE,13.7663726244172,0.00102487327087267,63.518551004496,-640.268742168498,-640.268732683144,-8.99593817393907e-06,"","recomputed",NA,NA,TRUE,TRUE
"nbinom","ar1",50,2,17,15855,TRUE,16.9149173972177,0.000212310931745632,86.7131102964917,-635.606121994747,-635.606120965781,-9.77879608399235e-07,"","tmb",NA,NA,TRUE,TRUE
"nbinom","ar1",5,3,17,23774,TRUE,0.616372368626741,0.734778501042181,0.289023503923263,-623.362888177077,-624.865081678344,26.6018699920808,"","recomputed",NA,NA,FALSE,FALSE
"nbinom","ar1",1,4,17,31693,TRUE,-0.102788639812368,1.0527379269704,0.248012986603886,-542.997401018634,-544.166997281408,39.1653326913488,"","tmb",NA,NA,FALSE,FALSE
"nbinom","ri",Inf,5,17,39612,TRUE,24.5542126856478,4.65715252455727e-06,0,-553.003969315163,-553.003969314526,3.00292413157877e-09,"g","boundary",NA,NA,TRUE,TRUE
"nbinom","ri",50,6,17,47531,TRUE,16.3310357419572,0.000284289386803954,18.8374201584582,-518.873661910194,-518.873661455864,-4.31721332461166e-07,"","tmb",NA,NA,TRUE,TRUE
"nbinom","ri",5,7,17,55450,TRUE,1.76606050341235,0.413527917490234,0.415052164004521,-499.457711375328,-505.044105870982,4.84073766552029,"","tmb",NA,NA,FALSE,FALSE
"beta","ar1",10000,8,17,63369,TRUE,16.9501216366336,0.000208606507812572,NA,214.479878944654,NA,0.000319187326567771,"","none",NA,NA,TRUE,TRUE
"beta","ar1",200,9,17,71288,TRUE,16.4417528394896,0.000268979222870582,NA,207.094160341296,NA,0.0001285155262849,"","none",NA,NA,TRUE,TRUE
"beta","ar1",20,10,17,79207,TRUE,2.71737123994322,0.256998348552939,0.165921185779774,130.038290504598,NA,228.641618708986,"","recomputed",NA,NA,FALSE,FALSE
"beta","ri",200,11,17,87126,TRUE,5.30314285367138,0.0705402770350045,0.0858854887609518,519.420250128202,NA,2177.15762886416,"","tmb",NA,NA,FALSE,FALSE
"beta","ri",20,12,17,95045,TRUE,3.07652220607497,0.214754212379804,0.0846183332177077,228.602713402693,NA,2217.86821137524,"","tmb",NA,NA,FALSE,FALSE
"nbinom","ar1",Inf,1,18,7937,TRUE,3.01953766530043,0.220961051036511,2.08798231702845,-621.213677193741,-621.321272557048,0.413705329275672,"","recomputed",NA,NA,FALSE,FALSE
"nbinom","ar1",50,2,18,15856,TRUE,1.99912249826152,0.368040884010035,0.822839361533676,-598.313578055922,-598.722936541055,2.5698413644609,"","recomputed",NA,NA,FALSE,FALSE
"nbinom","ar1",5,3,18,23775,TRUE,20.0421120844296,4.44539808441941e-05,4.55965940938757,-608.507688773844,-608.507688810661,-5.49437118024798e-09,"g","boundary",NA,NA,TRUE,TRUE
"nbinom","ar1",1,4,18,31694,TRUE,-0.139671064971293,1.07233180300417,0.222116197459907,-675.269167487708,-677.72654211017,76.9941683981513,"","tmb",NA,NA,FALSE,FALSE
"nbinom","ri",Inf,5,18,39613,TRUE,17.3033079767741,0.000174837429797826,8.49680314920836,-482.804300577347,-482.804300325952,-2.38845302646951e-07,"","tmb",NA,NA,TRUE,TRUE
"nbinom","ri",50,6,18,47532,TRUE,2.29950699401045,0.316714830911767,0.599866991052201,-489.609571845388,-491.661983581803,1.81676574648338,"","tmb",NA,NA,FALSE,FALSE
"nbinom","ri",5,7,18,55451,TRUE,1.5926455023414,0.45098430020052,0.308416662661472,-544.023731733965,-554.020491578739,8.65890801730677,"","tmb",NA,NA,FALSE,FALSE
"beta","ar1",10000,8,18,63370,TRUE,36.9973224400092,9.24982485676958e-09,NA,25007.5041260652,NA,NA,"","none",NA,NA,NA,NA
"beta","ar1",200,9,18,71289,TRUE,17.1297975731572,0.00019068288711709,NA,206.846294657743,NA,-0.000206503227218491,"","none",NA,NA,TRUE,TRUE
"beta","ar1",20,10,18,79208,TRUE,2.74242700211556,0.253798787509962,0.201358833673396,123.057502751178,NA,165.702373894918,"","recomputed",NA,NA,FALSE,FALSE
"beta","ri",200,11,18,87127,TRUE,5.29823423608877,0.0707136172853113,0.0858925171408147,516.227122661145,NA,2177.27287013567,"","tmb",NA,NA,FALSE,FALSE
"beta","ri",20,12,18,95046,TRUE,3.07427101415556,0.214996074947818,0.0844592023885425,224.584159744536,NA,2221.23634123598,"","tmb",NA,NA,FALSE,FALSE
"nbinom","ar1",Inf,1,19,7938,TRUE,16.5150109632994,0.000259305026260269,2.33394373787942,-572.196562134419,-572.196300842302,-1.13797796075232e-06,"","none",NA,NA,TRUE,TRUE
"nbinom","ar1",50,2,19,15857,TRUE,20.2698334681049,3.96699440409665e-05,0,-650.896652700874,-650.896652702287,-1.45596459333319e-08,"g","boundary",NA,NA,TRUE,TRUE
"nbinom","ar1",5,3,19,23776,TRUE,17.310660319433,0.000174195877401861,NA,-645.374410287352,-645.374410128278,-1.51149606608669e-07,"","none",NA,NA,TRUE,TRUE
"nbinom","ar1",1,4,19,31695,TRUE,-0.407632405586942,1.22607278399301,0.189306161619475,-616.692083831414,-616.416731985076,72.6126048931981,"","recomputed",NA,NA,TRUE,FALSE
"nbinom","ri",Inf,5,19,39614,TRUE,19.4124171964691,6.09041891514182e-05,NA,-504.010656174704,-504.010656167071,-7.24435267329682e-09,"","none",NA,NA,TRUE,TRUE
"nbinom","ri",50,6,19,47533,TRUE,16.2621675029365,0.000294249135010913,73.3597957852588,-501.279763488043,-501.279761548981,-1.84291531013514e-06,"","tmb",NA,NA,TRUE,TRUE
"nbinom","ri",5,7,19,55452,TRUE,1.35906572512796,0.506853707413372,0.22445804677728,-577.211726637035,-606.730704935143,24.2595705569792,"","tmb",NA,NA,FALSE,FALSE
"beta","ar1",10000,8,19,63371,TRUE,18.0080883942408,0.000122911718369647,7.87581110368358,217.625546476968,NA,-5.32027670487878e-05,"","recomputed",NA,NA,TRUE,TRUE
"beta","ar1",200,9,19,71290,TRUE,16.5685351493635,0.000252457516552545,0,178.629748698738,NA,-6.83873895468423e-05,"g,ar","boundary",NA,NA,TRUE,TRUE
"beta","ar1",20,10,19,79209,TRUE,2.6993897121081,0.259319378312498,0.240456300584945,115.622829751311,NA,147.512905180965,"","recomputed",NA,NA,FALSE,FALSE
"beta","ri",200,11,19,87128,TRUE,5.40220419402313,0.0671314865445155,0.08590273780871,532.683250853006,NA,2176.47052496521,"","tmb",NA,NA,FALSE,FALSE
"beta","ri",20,12,19,95047,TRUE,3.01765845932256,0.221168764269208,0.0845713086992752,222.90275823031,NA,2222.86083640103,"","tmb",NA,NA,FALSE,FALSE
"nbinom","ar1",Inf,1,20,7939,TRUE,19.5633692000864,5.64765754241208e-05,35.9498282553091,-620.932009691554,-620.932009654616,-3.48981075148913e-08,"","tmb",NA,NA,TRUE,TRUE
"nbinom","ar1",50,2,20,15858,TRUE,18.5039225641236,9.59233347343382e-05,0,-658.713437508214,-658.713437420514,-1.09113329926913e-07,"g","boundary",NA,NA,TRUE,TRUE
"nbinom","ar1",5,3,20,23777,TRUE,17.0722023231309,0.000196253932837656,NA,-569.465170916868,-569.465170647877,-2.55548002314754e-07,"","none",NA,NA,TRUE,TRUE
"nbinom","ar1",1,4,20,31696,TRUE,-0.0938197226167548,1.04802753699096,0.238340589990887,-608.892039578464,-609.219116781905,49.5549942446883,"","tmb",NA,NA,FALSE,FALSE
"nbinom","ri",Inf,5,20,39615,TRUE,17.6125419461125,0.000149790789654131,16.7871825618186,-493.44201477217,-493.442014373181,-3.79116954718484e-07,"","tmb",NA,NA,TRUE,TRUE
"nbinom","ri",50,6,20,47534,TRUE,16.4161127950465,0.000272449741012399,18.3991403613232,-476.832318481957,-476.832317611354,-8.27259100333322e-07,"","tmb",NA,NA,TRUE,TRUE
"nbinom","ri",5,7,20,55453,TRUE,1.94302278443284,0.378510527703096,0.457997452324285,-486.315777192562,-490.089370754265,3.32559107427232,"","tmb",NA,NA,FALSE,FALSE
"beta","ar1",10000,8,20,63372,TRUE,19.4646743423134,5.93334594276928e-05,3.4659175204,193.648369231129,NA,-0.00286583403112672,"","recomputed",NA,NA,TRUE,TRUE
"beta","ar1",200,9,20,71291,TRUE,18.9905775935247,7.52053040615562e-05,NA,189.126325180977,NA,-0.00285540520826544,"","none",NA,NA,TRUE,TRUE
"beta","ar1",20,10,20,79210,TRUE,2.94227163706926,0.229664479814495,0.350616320104099,105.372622614147,NA,63.3350490909679,"","recomputed",NA,NA,FALSE,FALSE
"beta","ri",200,11,20,87129,TRUE,5.34290434566373,0.0691517320936245,0.0858910917618388,524.220735669535,NA,2176.87339544168,"","tmb",NA,NA,FALSE,FALSE
"beta","ri",20,12,20,95048,TRUE,3.11543929468089,0.210615802319778,0.0846014545311253,231.352925086485,NA,2219.1614803075,"","tmb",NA,NA,FALSE,FALSE
"nbinom","ar1",Inf,1,21,7940,TRUE,16.9355439322295,0.000210132564661535,12.1734658896669,-607.666785916994,-607.666785091277,-8.04121327746543e-07,"","none",NA,NA,TRUE,TRUE
"nbinom","ar1",50,2,21,15859,TRUE,2.80175996230826,0.246380058710926,4.56044342947953,-638.262569537401,-638.268004880393,0.36510043957378,"","recomputed",NA,NA,FALSE,FALSE
"nbinom","ar1",5,3,21,23778,TRUE,1.78006410394429,0.410642590636534,0.512299058149198,-636.79686597097,-638.331285489906,5.40363115123137,"","recomputed",NA,NA,FALSE,FALSE
"nbinom","ar1",1,4,21,31697,TRUE,0.173375421256601,0.916963408851359,0.397534743582314,-617.896400011276,-616.312601232678,19.7938960833388,"","tmb",NA,NA,TRUE,FALSE
"nbinom","ri",Inf,5,21,39616,TRUE,18.0219491394868,0.00012206283928344,10.5970023654195,-498.016988728158,-498.016988382377,-3.27893758367281e-07,"","tmb",NA,NA,TRUE,TRUE
"nbinom","ri",50,6,21,47535,TRUE,22.1494126976699,1.54994448806046e-05,1.95117337645049,-483.785366854952,-483.785366855095,-1.08559561340371e-09,"","recomputed",NA,NA,TRUE,TRUE
"nbinom","ri",5,7,21,55454,TRUE,1.2345175837431,0.539421078224662,0.270266611607389,-546.332603821226,-560.499043044717,12.2398843492641,"","tmb",NA,NA,FALSE,FALSE
"beta","ar1",10000,8,21,63373,TRUE,18.2535836694936,0.000108713798067787,NA,223.476307219188,NA,0.000450679566711187,"","none",NA,NA,TRUE,TRUE
"beta","ar1",200,9,21,71292,TRUE,4.6153892825797,0.099490348324155,1.47779329430817,205.636671284727,NA,7.25969264960042,"","recomputed",NA,NA,FALSE,FALSE
"beta","ar1",20,10,21,79211,TRUE,18.3658378705762,0.000102780086449539,NA,123.575140397965,NA,0.000465535620605806,"","none",NA,NA,TRUE,TRUE
"beta","ri",200,11,21,87130,TRUE,5.15892860753583,0.0758146067456823,0.0858501347065558,499.284419921993,NA,2178.17315975099,"","tmb",NA,NA,FALSE,FALSE
"beta","ri",20,12,21,95049,TRUE,3.03601860001686,0.219147710356624,0.084430879318416,221.07942601451,NA,2223.06330770051,"","tmb",NA,NA,FALSE,FALSE
"nbinom","ar1",Inf,1,22,7941,TRUE,19.2374416002038,6.64725950267507e-05,NA,-612.945508210208,-612.945508172414,-3.5925722841057e-08,"","none",NA,NA,TRUE,TRUE
"nbinom","ar1",50,2,22,15860,TRUE,17.4489958772239,0.000162554384455649,48.9163490920793,-583.970372744285,-583.970372554889,-1.79966946234345e-07,"","recomputed",NA,NA,TRUE,TRUE
"nbinom","ar1",5,3,22,23779,TRUE,1.39198700371301,0.498578862817683,0.49641228773618,-628.723530898669,-629.422399050369,7.28073519870759,"","recomputed",NA,NA,FALSE,FALSE
"nbinom","ar1",1,4,22,31698,TRUE,0.111027768853386,0.945998888927026,0.306460580540212,-602.289581589369,-601.990522679497,27.8793131732082,"","tmb",NA,NA,TRUE,FALSE
"nbinom","ri",Inf,5,22,39617,TRUE,16.9999713194269,0.000203471286826282,NA,-534.573085499746,-534.573084751619,-7.11479628989764e-07,"","none",NA,NA,TRUE,TRUE
"nbinom","ri",50,6,22,47536,TRUE,16.357659457302,0.000280530044379229,26.0422275935891,-525.476392830977,-525.476390310116,-2.39543931002117e-06,"","recomputed",NA,NA,TRUE,TRUE
"nbinom","ri",5,7,22,55455,TRUE,1.81573420878763,0.40338368242415,0.388609755210592,-530.770900129195,-536.635846875221,5.10378551275664,"","tmb",NA,NA,FALSE,FALSE
"beta","ar1",10000,8,22,63374,TRUE,17.4847880979276,0.000159671169371292,NA,244.914425940356,NA,-0.000214813816455717,"","none",NA,NA,TRUE,TRUE
"beta","ar1",200,9,22,71293,TRUE,17.4976831734716,0.000158644995179006,13.4978613401091,189.509619559825,NA,5.84092399549263e-05,"","tmb",NA,NA,TRUE,TRUE
"beta","ar1",20,10,22,79212,TRUE,2.98531056354177,0.224775021430143,0.460246183996813,97.4181934717299,NA,53.9405904661074,"","tmb",NA,NA,FALSE,FALSE
"beta","ri",200,11,22,87131,TRUE,5.21080722858358,0.0738733148539419,0.0858681924701751,507.469845481757,NA,2177.63456723098,"","tmb",NA,NA,FALSE,FALSE
"beta","ri",20,12,22,95050,TRUE,3.03298824433021,0.219480009794571,0.0844371730787767,223.216887775802,NA,2223.61536458723,"","tmb",NA,NA,FALSE,FALSE
"nbinom","ar1",Inf,1,23,7942,TRUE,15.5896871293532,0.000411853207459285,NA,-597.534942836766,-597.534942315893,-5.1915390031354e-07,"","none",NA,NA,TRUE,TRUE
"nbinom","ar1",50,2,23,15861,TRUE,18.5669039795352,9.29497075824752e-05,0,-607.882625376131,-607.882625298364,-1.13559849523881e-07,"g","boundary",NA,NA,TRUE,TRUE
"nbinom","ar1",5,3,23,23780,TRUE,1.36996197604669,0.504099813417605,0.516688503959061,-600.848750287619,-601.988412397163,6.05902289481469,"","recomputed",NA,NA,FALSE,FALSE
"nbinom","ar1",1,4,23,31699,TRUE,16.0282767289382,0.000330753105922496,48.1122175163666,-593.393434202844,-593.393432605045,-1.54126644247299e-06,"g","boundary",NA,NA,TRUE,TRUE
"nbinom","ri",Inf,5,23,39618,TRUE,20.8893450884583,2.91029054761674e-05,2.674996659461,-489.458137193712,-489.458137187632,-5.89488990954123e-09,"","tmb",NA,NA,TRUE,TRUE
"nbinom","ri",50,6,23,47537,TRUE,5.25014500817301,0.0724345050462386,8.11074541419111,-491.817553021709,-491.825344955716,0.007037858621743,"","tmb",NA,NA,FALSE,FALSE
"nbinom","ri",5,7,23,55456,TRUE,2.11414729560106,0.34747114694433,0.40813872482752,-499.888868229627,-505.077563858091,4.66762278924585,"","tmb",NA,NA,FALSE,FALSE
"beta","ar1",10000,8,23,63375,TRUE,18.0317839450677,0.000121464080512506,24.048656989051,230.874720378871,NA,-0.0003082290754719,"","recomputed",NA,NA,TRUE,TRUE
"beta","ar1",200,9,23,71294,TRUE,17.5215520115501,0.000156762912448802,2.48707539741142,198.583406623359,NA,0.000166403634466405,"","none",NA,NA,TRUE,TRUE
"beta","ar1",20,10,23,79213,TRUE,5.2030958419238,0.0741586975217552,3.22276973126178,121.976226813042,NA,0.853295974709795,"","tmb",NA,NA,FALSE,FALSE
"beta","ri",200,11,23,87132,TRUE,5.23282645317378,0.0730644590629829,0.0858658018726608,511.163979295827,NA,2177.57677616455,"","tmb",NA,NA,FALSE,FALSE
"beta","ri",20,12,23,95051,TRUE,2.93055967044645,0.231013336762758,0.0843522333444465,207.208929941022,NA,2225.68277731695,"","tmb",NA,NA,FALSE,FALSE
"nbinom","ar1",Inf,1,24,7943,TRUE,1.44893752611746,0.48458192841133,0.461526845061436,-630.998237767851,-631.822283628877,8.85504953344173,"","recomputed",NA,NA,FALSE,FALSE
"nbinom","ar1",50,2,24,15862,TRUE,1.5496598771032,0.460782135613606,0.7583286788406,-623.495165611891,-623.408847095386,4.48658101823321,"","recomputed",NA,NA,TRUE,FALSE
"nbinom","ar1",5,3,24,23781,TRUE,1.18444208885244,0.553097465455635,0.396527077820301,-649.856919354341,-652.049544261998,10.6426278902647,"","recomputed",NA,NA,FALSE,FALSE
"nbinom","ar1",1,4,24,31700,TRUE,-0.461167689649099,1.25933505158571,0.178687469311244,-593.284288670783,-596.399606320929,80.912671962009,"","recomputed",NA,NA,FALSE,FALSE
"nbinom","ri",Inf,5,24,39619,TRUE,22.3496084533457,1.40231050683787e-05,NA,-470.575127923164,-470.575127918762,-2.10661710298155e-09,"","none",NA,NA,TRUE,TRUE
"nbinom","ri",50,6,24,47538,TRUE,3.24808094286382,0.197100708258748,1.07027163737118,-516.401352489151,-516.923372808339,0.469343386748278,"","tmb",NA,NA,FALSE,FALSE
"nbinom","ri",5,7,24,55457,TRUE,1.9977211314841,0.368298854511094,0.31443261029589,-561.064159054812,-575.607968724121,11.8624291022105,"","tmb",NA,NA,FALSE,FALSE
"beta","ar1",10000,8,24,63376,TRUE,17.5263952906543,0.000156383748464262,7.93919241785036,212.741819089371,NA,0.000245214054302778,"","tmb",NA,NA,TRUE,TRUE
"beta","ar1",200,9,24,71295,TRUE,16.9104244244328,0.000212788421501073,0,198.523797904097,NA,0.000164992899499339,"g","boundary",NA,NA,TRUE,TRUE
"beta","ar1",20,10,24,79214,TRUE,3.31627739569204,0.190493215762269,0.655823320500954,119.30875585437,NA,35.0317618750379,"","tmb",NA,NA,FALSE,FALSE
"beta","ri",200,11,24,87133,TRUE,5.30155475370669,0.0705963117849909,0.0858758383595316,518.225547907459,NA,2177.50082907841,"","tmb",NA,NA,FALSE,FALSE
"beta","ri",20,12,24,95052,TRUE,3.04055761574027,0.218650916856707,0.0845388777755329,219.98516885344,NA,2219.13996984845,"","tmb",NA,NA,FALSE,FALSE
"nbinom","ar1",Inf,1,25,7944,TRUE,16.1610844097744,0.000309503175781073,NA,-632.100146809357,-632.100146570182,-2.6774375783134e-07,"","none",NA,NA,TRUE,TRUE
"nbinom","ar1",50,2,25,15863,TRUE,20.3667410271984,3.77936101378981e-05,NA,-589.640616139089,-589.640616122381,-1.19506466944586e-08,"","none",NA,NA,TRUE,TRUE
"nbinom","ar1",5,3,25,23782,TRUE,1.03333360133976,0.596505509761308,0.460303148104423,-631.053192745253,-631.768924689053,9.90510965170301,"","recomputed",NA,NA,FALSE,FALSE
"nbinom","ar1",1,4,25,31701,TRUE,-0.207852830733856,1.10951880837725,0.209382538359194,-618.51494107636,-620.659910058915,62.4317032631303,"","recomputed",NA,NA,FALSE,FALSE
"nbinom","ri",Inf,5,25,39620,TRUE,2.9494485262114,0.228841818478818,0.836945316554755,-549.636463755184,-550.517222046396,0.791566066768951,"","tmb",NA,NA,FALSE,FALSE
"nbinom","ri",50,6,25,47539,TRUE,16.932231692412,0.000210480857713268,15.9813237374391,-476.601666395486,-476.601666291661,-9.87367343441292e-08,"","tmb",NA,NA,TRUE,TRUE
"nbinom","ri",5,7,25,55458,TRUE,1.42636868911958,0.490081122940156,0.301341207801675,-532.730556573283,-543.795957449198,9.57186732864983,"","tmb",NA,NA,FALSE,FALSE
"beta","ar1",10000,8,25,63377,TRUE,18.0849470619391,0.000118277910248657,0,230.467680421263,NA,-6.71507459628629e-05,"g","boundary",NA,NA,TRUE,TRUE
"beta","ar1",200,9,25,71296,TRUE,17.2328832225205,0.000181103546301357,NA,189.294639819459,NA,0.00028681568801403,"","none",NA,NA,TRUE,TRUE
"beta","ar1",20,10,25,79215,TRUE,2.66880007495831,0.263316107870384,0.260184334828773,110.267666545811,NA,141.227754281114,"","recomputed",NA,NA,FALSE,FALSE
"beta","ri",200,11,25,87134,TRUE,5.34963292484007,0.0689194765478592,0.0858862805924248,525.923456749654,NA,2177.02540989355,"","tmb",NA,NA,FALSE,FALSE
"beta","ri",20,12,25,95053,TRUE,3.14799829649517,0.207214840267785,0.0846340258994068,235.391900093833,NA,2218.12025700038,"","tmb",NA,NA,FALSE,FALSE
"nbinom","ar1",Inf,1,26,7945,TRUE,20.7717340438049,3.08656383014657e-05,0,-601.969347448502,-601.969347463093,-1.35145228341571e-08,"g","boundary",NA,NA,TRUE,TRUE
"nbinom","ar1",50,2,26,15864,TRUE,16.1323455821852,0.000313982661701219,44.9987321749661,-600.486071062829,-600.486069938895,-1.08555491351581e-06,"","recomputed",NA,NA,TRUE,TRUE
"nbinom","ar1",5,3,26,23783,TRUE,1.26560226573548,0.531102028108029,0.872791591018591,-639.969896832666,-639.442594237048,8.16416460561891,"","tmb",NA,NA,TRUE,FALSE
"nbinom","ar1",1,4,26,31702,TRUE,0.301538387941689,0.860046179596629,0.319972329498763,-641.353913724273,-642.39577811837,26.3740524514625,"","tmb",NA,NA,FALSE,FALSE
"nbinom","ri",Inf,5,26,39621,TRUE,4.031351872126,0.13323031774687,2.30209791849511,-483.352903901581,-483.456133614762,0.0934436284769049,"","tmb",NA,NA,FALSE,FALSE
"nbinom","ri",50,6,26,47540,TRUE,21.8458968377137,1.80394700732751e-05,1.50342518216894,-479.347784434595,-479.347784434845,-7.20262960385298e-10,"","tmb",NA,NA,TRUE,TRUE
"nbinom","ri",5,7,26,55459,TRUE,1.56982906774016,0.456158686237234,0.280841304865445,-548.645084272197,-562.152625970565,11.5777972261357,"","tmb",NA,NA,FALSE,FALSE
"beta","ar1",10000,8,26,63378,TRUE,28.7353947270012,5.75689511857108e-07,0.0935187722890434,223.096887417447,NA,11.2670836553498,"","tmb",NA,NA,FALSE,FALSE
"beta","ar1",200,9,26,71297,TRUE,18.5114593318061,9.55625390250521e-05,0,201.191605593614,NA,0.00122290271747261,"g","boundary",NA,NA,FALSE,FALSE
"beta","ar1",20,10,26,79216,TRUE,2.64827955809647,0.266031706736029,0.232059500806765,100.633726722624,NA,144.75673697986,"","recomputed",NA,NA,FALSE,FALSE
"beta","ri",200,11,26,87135,TRUE,5.27895533894662,0.0713985534623122,0.0858721432574545,517.662877859592,NA,2177.43749262717,"","tmb",NA,NA,FALSE,FALSE
"beta","ri",20,12,26,95054,TRUE,3.04899997542776,0.217729897275888,0.0844980678917641,221.227478247534,NA,2221.95026104605,"","tmb",NA,NA,FALSE,FALSE
"nbinom","ar1",Inf,1,27,7946,TRUE,16.1577468859367,0.000310020094081402,32.8276026136583,-622.786071933656,-622.786071256483,-6.84161022945773e-07,"g","boundary",NA,NA,TRUE,TRUE
"nbinom","ar1",50,2,27,15865,TRUE,1.87598189390612,0.391413416273997,0.741701422878328,-613.951289734945,-614.600182567275,3.01549415309216,"","recomputed",NA,NA,FALSE,FALSE
"nbinom","ar1",5,3,27,23784,TRUE,1.13608712036467,0.566632938210521,0.297873832393091,-638.700050843187,-639.931085534114,17.7883528942954,"","recomputed",NA,NA,FALSE,FALSE
"nbinom","ar1",1,4,27,31703,TRUE,0.405097603572001,0.816646627811658,0.308122966237041,-617.727659773962,-619.432572790322,22.5023614697291,"","recomputed",NA,NA,FALSE,FALSE
"nbinom","ri",Inf,5,27,39622,TRUE,14.8313427597701,0.000601748255779619,47.0074018395111,-488.992046522104,-488.992045860269,-6.28885572950821e-07,"","recomputed",NA,NA,TRUE,TRUE
"nbinom","ri",50,6,27,47541,TRUE,3.51244004766008,0.172696419966015,1.27141646643879,-542.24057403424,-542.600216634829,0.323490020657346,"","tmb",NA,NA,FALSE,FALSE
"nbinom","ri",5,7,27,55460,TRUE,1.83819386562118,0.398879093105986,0.380268917149002,-541.304263577734,-546.994107993607,5.00189097204714,"","tmb",NA,NA,FALSE,FALSE
"beta","ar1",10000,8,27,63379,TRUE,17.4957718609821,0.000158796677725989,NA,225.187011886686,NA,-0.000267573461769643,"","none",NA,NA,TRUE,TRUE
"beta","ar1",200,9,27,71298,TRUE,17.9507307865499,0.000126487711946862,NA,196.226014194391,NA,0.00014366903269547,"","none",NA,NA,TRUE,TRUE
"beta","ar1",20,10,27,79217,TRUE,2.6782784915071,0.262071150379757,0.191286780303397,114.018474740957,NA,165.789469071497,"","recomputed",NA,NA,FALSE,FALSE
"beta","ri",200,11,27,87136,TRUE,5.46188359679574,0.0651578951607701,0.0859008261035678,539.684694518334,NA,2176.60123272788,"","tmb",NA,NA,FALSE,FALSE
"beta","ri",20,12,27,95055,TRUE,3.09266744475999,0.213027562043249,0.0845807377115002,226.479184145675,NA,2220.86220906921,"","tmb",NA,NA,FALSE,FALSE
"nbinom","ar1",Inf,1,28,7947,TRUE,16.377829108155,0.000277715165492795,11.2531646499029,-623.894283364717,-623.894281723548,-1.46034267345385e-06,"","recomputed",NA,NA,TRUE,TRUE
"nbinom","ar1",50,2,28,15866,TRUE,17.3429126637465,0.00017140929354749,17.5650710646309,-604.036466025039,-604.036465992211,-5.85522457186016e-08,"","none",NA,NA,TRUE,TRUE
"nbinom","ar1",5,3,28,23785,TRUE,1.12006371554351,0.571190866690697,0.353772141870212,-695.085163202657,-696.940789574281,14.3950414579271,"","recomputed",NA,NA,FALSE,FALSE
"nbinom","ar1",1,4,28,31704,TRUE,-0.261076518353097,1.13944153315442,0.204849147864119,-582.549482706661,-585.28829096445,56.9102203145511,"","recomputed",NA,NA,FALSE,FALSE
"nbinom","ri",Inf,5,28,39623,TRUE,17.0706716665449,0.000196404189015391,21.6254227221598,-508.854800535488,-508.854800276189,-2.46400986725348e-07,"","tmb",NA,NA,TRUE,TRUE
"nbinom","ri",50,6,28,47542,TRUE,4.92136453688299,0.0853766812765215,4.14591869483246,-541.786153275813,-541.816648308104,0.0281440656638097,"","tmb",NA,NA,FALSE,FALSE
"nbinom","ri",5,7,28,55461,TRUE,1.36526043408916,0.505286230580548,0.249791638951857,-567.978048958274,-587.340220802804,16.2946297665496,"","tmb",NA,NA,FALSE,FALSE
"beta","ar1",10000,8,28,63380,TRUE,17.3834298143244,0.00016797172317497,NA,225.233596279665,NA,-0.000156246200731402,"","none",NA,NA,TRUE,TRUE
"beta","ar1",200,9,28,71299,TRUE,8.22599054781995,0.0163587022764365,15.6976741822396,176.337939948763,NA,0.00544701672902193,"","recomputed",NA,NA,FALSE,FALSE
"beta","ar1",20,10,28,79218,TRUE,2.77069514632384,0.250236809075793,0.421556856242346,113.461754623271,NA,96.3817981483113,"","recomputed",NA,NA,FALSE,FALSE
"beta","ri",200,11,28,87137,TRUE,5.29286007347768,0.0709038860436932,0.0858769253367629,518.708606384135,NA,2177.21965696815,"","tmb",NA,NA,FALSE,FALSE
"beta","ri",20,12,28,95056,TRUE,3.13375408655484,0.208695914032419,0.0846814572427806,235.068713018538,NA,2216.2338207724,"","tmb",NA,NA,FALSE,FALSE
"nbinom","ar1",Inf,1,29,7948,TRUE,15.9534776941511,0.000343357339466946,NA,-564.49686276719,-564.49686158356,-1.13321470962546e-06,"","none",NA,NA,TRUE,TRUE
"nbinom","ar1",50,2,29,15867,TRUE,23.1526968403686,9.38546426623714e-06,1.09042536954809,-631.303546873685,-631.303546906261,-2.62579078480485e-08,"g","boundary",NA,NA,TRUE,TRUE
"nbinom","ar1",5,3,29,23786,TRUE,0.680035587798091,0.711757657706024,0.234459701033544,-649.300403924018,-649.750298456861,34.1799195559719,"","recomputed",NA,NA,FALSE,FALSE
"nbinom","ar1",1,4,29,31705,TRUE,-0.454792510021908,1.25532719909182,0.17494381099363,-626.728516229178,-630.98738944173,88.2333959766719,"","recomputed",NA,NA,FALSE,FALSE
"nbinom","ri",Inf,5,29,39624,TRUE,17.3030707445298,0.000174858169565771,44.8763694910656,-489.564292914946,-489.564292346591,-5.40441362772981e-07,"","tmb",NA,NA,TRUE,TRUE
"nbinom","ri",50,6,29,47543,TRUE,3.96438773182334,0.137766663941765,1.52220500168748,-505.124259200421,-505.386240528461,0.234349109767948,"","tmb",NA,NA,FALSE,FALSE
"nbinom","ri",5,7,29,55462,TRUE,1.42817778234102,0.489638022154292,0.288366034011449,-501.628195876865,-517.523096895715,13.0432303794948,"","tmb",NA,NA,FALSE,FALSE
"beta","ar1",10000,8,29,63381,TRUE,17.6242264367075,0.000148918226463606,NA,221.103310299134,NA,0.000821672597339784,"","none",NA,NA,TRUE,TRUE
"beta","ar1",200,9,29,71300,TRUE,17.4434873582014,0.000163002718545927,17.5064202469699,209.083806353745,NA,0.000130376017750677,"","none",NA,NA,TRUE,TRUE
"beta","ar1",20,10,29,79219,TRUE,2.62690277400762,0.26889040815945,0.232296736302753,102.558194432268,NA,144.927869304417,"","tmb",NA,NA,FALSE,FALSE
"beta","ri",200,11,29,87138,TRUE,5.21580949749475,0.0736887786319639,0.0859244334926719,506.299024609464,NA,2175.82902021483,"","tmb",NA,NA,FALSE,FALSE
"beta","ri",20,12,29,95057,TRUE,3.08515380886654,0.213829372997329,0.0844900636812698,227.798877791757,NA,2220.22305779199,"","tmb",NA,NA,FALSE,FALSE
"nbinom","ar1",Inf,1,30,7949,TRUE,15.9919304829085,0.00033681887282773,NA,-627.410948787137,-627.410947750549,-1.01047521638975e-06,"","none",NA,NA,TRUE,TRUE
"nbinom","ar1",50,2,30,15868,TRUE,18.2704778260979,0.000107799351740227,NA,-636.467538973848,-636.467538910902,-5.98361111769918e-08,"","none",NA,NA,TRUE,TRUE
"nbinom","ar1",5,3,30,23787,TRUE,19.4221675669612,6.06079925403721e-05,10.2750355642708,-625.443597104358,-625.443597108333,-3.4347749533481e-08,"","none",NA,NA,TRUE,TRUE
"nbinom","ar1",1,4,30,31706,TRUE,0.123424130182356,0.940153550849346,0.291928487968081,-611.360465036477,-609.97580508468,36.9984073248393,"","tmb",NA,NA,TRUE,FALSE
"nbinom","ri",Inf,5,30,39625,TRUE,4.03623726365234,0.132905273767581,2.11728787349729,-524.07529362747,-524.196916817803,0.109668297972462,"","tmb",NA,NA,FALSE,FALSE
"nbinom","ri",50,6,30,47544,TRUE,2.81484819137541,0.244772983565146,0.722254602183125,-490.152008326729,-491.54612772197,1.23696805623689,"","tmb",NA,NA,FALSE,FALSE
"nbinom","ri",5,7,30,55463,TRUE,1.9098048739648,0.384849689818494,0.375813121458498,-543.879966454993,-550.331250117876,5.59340612591177,"","tmb",NA,NA,FALSE,FALSE
"beta","ar1",10000,8,30,63382,TRUE,17.9828897119924,0.00012447012185061,0,236.495430089131,NA,-6.74626107866061e-06,"g","boundary",NA,NA,TRUE,TRUE
"beta","ar1",200,9,30,71301,TRUE,17.8638988506535,0.000132100253778778,0,180.984315886732,NA,-0.000765619181038346,"g","boundary",NA,NA,TRUE,TRUE
"beta","ar1",20,10,30,79220,TRUE,3.21044866891919,0.200844493515094,0.548202011005179,124.386490055052,NA,46.271719549482,"","tmb",NA,NA,FALSE,FALSE
"beta","ri",200,11,30,87139,TRUE,5.33756054360955,0.0693367457366333,0.0859122875599868,524.310830541743,NA,2176.2819927483,"","tmb",NA,NA,FALSE,FALSE
"beta","ri",20,12,30,95058,TRUE,2.92439000964677,0.231727074039993,0.0842472165992741,203.281433363856,NA,2231.53733777501,"","tmb",NA,NA,FALSE,FALSE
"nbinom","ar1",Inf,1,31,7950,TRUE,17.4869890321434,0.000159495553148981,NA,-620.951765034597,-620.951764320416,-6.87139163346728e-07,"","none",NA,NA,TRUE,TRUE
"nbinom","ar1",50,2,31,15869,TRUE,1.50498793433421,0.471189953876966,0.615183589985212,-641.08645116011,-641.551315387325,6.40420101887855,"","tmb",NA,NA,FALSE,FALSE
"nbinom","ar1",5,3,31,23788,TRUE,17.5524377117094,0.00015436064297868,NA,-642.576699125723,-642.576698883985,-2.56331873060844e-07,"","none",NA,NA,TRUE,TRUE
"nbinom","ar1",1,4,31,31707,TRUE,0.0599176242983779,0.970485504937526,0.22468034512328,-631.423739100142,-635.163631936362,44.4047563602984,"","recomputed",NA,NA,FALSE,FALSE
"nbinom","ri",Inf,5,31,39626,TRUE,17.3339933680237,0.000172175425706946,12.6057805754915,-520.295505246668,-520.295503452634,-1.70465489190974e-06,"","recomputed",NA,NA,TRUE,TRUE
"nbinom","ri",50,6,31,47545,TRUE,3.93424365801915,0.1398588150687,2.08945528024426,-519.221076584677,-519.35248599713,0.119098851147328,"","tmb",NA,NA,FALSE,FALSE
"nbinom","ri",5,7,31,55464,TRUE,2.0249417545312,0.363320150081174,0.489614907199491,-481.046514064883,-484.294795788005,2.8623282687779,"","tmb",NA,NA,FALSE,FALSE
"beta","ar1",10000,8,31,63383,TRUE,21.9176272093506,1.74039458463295e-05,NA,214.801001636824,NA,-0.0338443146829377,"","none",NA,NA,TRUE,TRUE
"beta","ar1",200,9,31,71302,TRUE,17.6351214530687,0.000148109198799794,8.25617451386371,205.624104768915,NA,0.000881419366123737,"","tmb",NA,NA,TRUE,TRUE
"beta","ar1",20,10,31,79221,TRUE,2.68256885896052,0.261509562183014,0.176136637166851,126.625525814785,NA,208.668410247408,"","recomputed",NA,NA,FALSE,FALSE
"beta","ri",200,11,31,87140,TRUE,5.19494082146917,0.0744616976926836,0.0858678702939431,504.546848810199,NA,2177.66052379382,"","tmb",NA,NA,FALSE,FALSE
"beta","ri",20,12,31,95059,TRUE,3.01335998235776,0.22164461986889,0.0845004656912506,220.014538773914,NA,2221.93637985236,"","tmb",NA,NA,FALSE,FALSE
"nbinom","ar1",Inf,1,32,7951,TRUE,16.3598055574271,0.000280229183046071,27.9788024217457,-595.49259314889,-595.49259156949,-1.35744789986347e-06,"","none",NA,NA,TRUE,TRUE
"nbinom","ar1",50,2,32,15870,TRUE,17.2896567062676,0.000176034888380947,8.02383786461253,-605.087141374401,-605.087141163636,-2.26672909775516e-07,"g","boundary",NA,NA,TRUE,TRUE
"nbinom","ar1",5,3,32,23789,TRUE,1.77900574123819,0.410859952545129,0.795988770843456,-637.756970248427,-638.202791227614,3.42582019470501,"","tmb",NA,NA,FALSE,FALSE
"nbinom","ar1",1,4,32,31708,TRUE,-0.241914014265356,1.12857639058928,0.197767751496546,-635.558745129923,-638.510164382165,68.4411813584934,"","recomputed",NA,NA,FALSE,FALSE
"nbinom","ri",Inf,5,32,39627,TRUE,4.22941914088165,0.120668330114426,2.77885026692136,-476.792058000797,-476.861460541056,0.0629431676883883,"","tmb",NA,NA,FALSE,FALSE
"nbinom","ri",50,6,32,47546,TRUE,16.4816895725604,0.000263661417797033,NA,-500.666247081116,-500.666244784324,-2.18231724602447e-06,"","none",NA,NA,TRUE,TRUE
"nbinom","ri",5,7,32,55465,TRUE,1.83539648442683,0.399437391895539,0.38953694898981,-505.04894576782,-511.476242550695,5.55250703141502,"","tmb",NA,NA,FALSE,FALSE
"beta","ar1",10000,8,32,63384,TRUE,35.3832853946833,2.07308543663515e-08,NA,4373.84001141538,NA,12733.71875,"","none",NA,NA,FALSE,FALSE
"beta","ar1",200,9,32,71303,TRUE,16.1756736194037,0.00030725368696567,NA,209.451701097475,NA,5.2059872814425e-05,"","none",NA,NA,TRUE,TRUE
"beta","ar1",20,10,32,79222,TRUE,2.72569354317276,0.255931161363592,0.227375513241098,117.627827383173,NA,140.201057746316,"","recomputed",NA,NA,FALSE,FALSE
"beta","ri",200,11,32,87141,TRUE,5.28179936791584,0.0712970958393099,0.0858717271443331,516.559618246667,NA,2177.46526139376,"","tmb",NA,NA,FALSE,FALSE
"beta","ri",20,12,32,95060,TRUE,3.07104323627342,0.215343334879658,0.0845542919233489,222.722722544378,NA,2220.07840856339,"","tmb",NA,NA,FALSE,FALSE
"nbinom","ar1",Inf,1,33,7952,TRUE,2.30391954235836,0.316016841421041,1.31239995849231,-594.709348285412,-594.8686024655,1.25943803369341,"","recomputed",NA,NA,FALSE,FALSE
"nbinom","ar1",50,2,33,15871,TRUE,1.5350273285332,0.464165706577067,0.658370138584172,-626.52423280013,-627.218738334282,4.15700796045644,"","recomputed",NA,NA,FALSE,FALSE
"nbinom","ar1",5,3,33,23790,TRUE,1.26153727946684,0.532182587076141,0.606895770307439,-644.237378079363,-644.500450149834,7.11855146926678,"","recomputed",NA,NA,FALSE,FALSE
"nbinom","ar1",1,4,33,31709,TRUE,-0.147119589929387,1.07633289403515,0.28464564734422,-582.838968968619,-581.137705282312,34.5044669362366,"","tmb",NA,NA,TRUE,FALSE
"nbinom","ri",Inf,5,33,39628,TRUE,2.52829703283591,0.282479720611614,0.74245059161752,-487.859872432806,-489.035491290275,1.05232910605554,"","tmb",NA,NA,FALSE,FALSE
"nbinom","ri",50,6,33,47547,TRUE,16.1507009106188,0.000311114217206378,27.5260504781507,-533.734709535896,-533.734709102774,-4.11655264542787e-07,"","recomputed",NA,NA,TRUE,TRUE
"nbinom","ri",5,7,33,55466,TRUE,3.28299701762299,0.193689579173389,1.41160216438108,-475.989323198524,-476.279063225241,0.262551030845202,"","tmb",NA,NA,FALSE,FALSE
"beta","ar1",10000,8,33,63385,TRUE,17.9825345329658,0.000124492228401861,8.55771089492827,221.823651695528,NA,-0.000867298896991997,"","tmb",NA,NA,TRUE,TRUE
"beta","ar1",200,9,33,71304,TRUE,18.4358006308559,9.92468561044714e-05,NA,186.475508177608,NA,-0.000622800451765215,"","none",NA,NA,TRUE,TRUE
"beta","ar1",20,10,33,79223,TRUE,2.76460138761244,0.251000413157418,0.160243072095998,132.940730201877,NA,225.415588408921,"","recomputed",NA,NA,FALSE,FALSE
"beta","ri",200,11,33,87142,TRUE,5.05568628274019,0.0798310189529775,0.0858298602511821,487.666427181774,NA,2178.54182521458,"","tmb",NA,NA,FALSE,FALSE
"beta","ri",20,12,33,95061,TRUE,2.91455937631698,0.232868889883063,0.0842231766528795,205.145210493767,NA,2230.46359597401,"","tmb",NA,NA,FALSE,FALSE
"nbinom","ar1",Inf,1,34,7953,TRUE,21.1457891926333,2.56006044272855e-05,2.57285389980307,-621.148136395668,-621.148136420716,-5.18866727361456e-09,"g","boundary",NA,NA,TRUE,TRUE
"nbinom","ar1",50,2,34,15872,TRUE,16.3380939581908,0.00028328786709659,NA,-629.67130040621,-629.671299521236,-8.81308437783446e-07,"","none",NA,NA,TRUE,TRUE
"nbinom","ar1",5,3,34,23791,TRUE,17.5050336813503,0.000158063004672073,32.0994862914318,-609.210794767845,-609.210794484539,-2.6799523311638e-07,"","recomputed",NA,NA,TRUE,TRUE
"nbinom","ar1",1,4,34,31710,TRUE,-0.185462717810766,1.0971669515435,0.164865123889614,-646.838816419597,-650.989244625044,94.1051728364099,"","recomputed",NA,NA,FALSE,FALSE
"nbinom","ri",Inf,5,34,39629,TRUE,14.778861160802,0.000617747610976688,85.2081664088819,-497.81652958044,-497.81652947852,-9.68503854892333e-08,"","tmb",NA,NA,TRUE,TRUE
"nbinom","ri",50,6,34,47548,TRUE,3.21911186937147,0.199976396942543,1.20270260393534,-480.94873921779,-481.369282490312,0.378061269080888,"","tmb",NA,NA,FALSE,FALSE
"nbinom","ri",5,7,34,55467,TRUE,1.48184754017433,0.476673375467896,0.344732236023119,-495.430277147284,-502.779287630249,6.42638087533493,"","tmb",NA,NA,FALSE,FALSE
"beta","ar1",10000,8,34,63386,TRUE,18.2062010705595,0.000111320120896575,0,233.509610578947,NA,-0.000141155230721779,"g","boundary",NA,NA,TRUE,TRUE
"beta","ar1",200,9,34,71305,TRUE,17.9338278266912,0.00012756125041007,NA,195.903908680545,NA,0.000258141415542923,"","none",NA,NA,TRUE,TRUE
"beta","ar1",20,10,34,79224,TRUE,2.50118945234116,0.286334455617719,0.151039922171249,115.245377677218,NA,305.654113115234,"","recomputed",NA,NA,FALSE,FALSE
"beta","ri",200,11,34,87143,TRUE,5.36590904278262,0.0683608818048046,0.0858940683108551,527.731996117253,NA,2176.7581337632,"","tmb",NA,NA,FALSE,FALSE
"beta","ri",20,12,34,95062,TRUE,2.92112348512514,0.232105854364435,0.0842814697064678,206.148049929788,NA,2229.45119931739,"","tmb",NA,NA,FALSE,FALSE
"nbinom","ar1",Inf,1,35,7954,TRUE,2.0045491869121,0.367043615943599,1.74572413358891,-573.841997382489,-573.798776451478,1.57643608706519,"","recomputed",NA,NA,TRUE,FALSE
"nbinom","ar1",50,2,35,15873,TRUE,17.4318638463256,0.000163952808735258,NA,-635.109884001941,-635.109883707156,-2.79814003079082e-07,"","none",NA,NA,TRUE,TRUE
"nbinom","ar1",5,3,35,23792,TRUE,15.6671507315941,0.000396206362192169,27.9432246093742,-597.933812130698,-597.9338119329,-2.09018935493077e-07,"g","boundary",NA,NA,TRUE,TRUE
"nbinom","ar1",1,4,35,31711,TRUE,-0.471158131161667,1.26564144597737,0.161591256971287,-625.949263184577,-631.539667535171,118.168480497164,"","recomputed",NA,NA,FALSE,FALSE
"nbinom","ri",Inf,5,35,39630,TRUE,5.97345851137788,0.0504521833463445,13.8016164629884,-528.739185443021,-528.741845296719,0.00240173276574751,"","tmb",NA,NA,FALSE,FALSE
"nbinom","ri",50,6,35,47549,TRUE,3.84192499219,0.14646592138827,1.89781231327182,-492.078821748072,-492.231693116362,0.137718172451855,"","tmb",NA,NA,FALSE,FALSE
"nbinom","ri",5,7,35,55468,TRUE,1.27290340002472,0.529166739094263,0.252643757937281,-562.289498465913,-579.842088150092,15.0572784968946,"","tmb",NA,NA,FALSE,FALSE
"beta","ar1",10000,8,35,63387,TRUE,17.8236059966777,0.000134788591165465,0,216.284236817065,NA,4.2592648696882e-05,"g,ar","boundary",NA,NA,TRUE,TRUE
"beta","ar1",200,9,35,71306,TRUE,3.53786512059912,0.170514906095561,0.409189592148242,199.561230430437,NA,86.064323426021,"","tmb",NA,NA,FALSE,FALSE
"beta","ar1",20,10,35,79225,TRUE,2.82173272726119,0.243931857891062,0.259429498336699,120.180996796201,NA,114.032083648538,"","tmb",NA,NA,FALSE,FALSE
"beta","ri",200,11,35,87144,TRUE,5.37623897106656,0.0680087105603956,0.0858998801386159,528.769944927269,NA,2176.59081019868,"","tmb",NA,NA,FALSE,FALSE
"beta","ri",20,12,35,95063,TRUE,3.02254814715647,0.22062870161472,0.0843696108911415,217.461493012145,NA,2225.95896591229,"","tmb",NA,NA,FALSE,FALSE
"nbinom","ar1",Inf,1,36,7955,TRUE,17.1517204282041,0.000188604144278347,11.3741676971049,-601.23765812251,-601.237657158032,-8.68090637595742e-07,"","recomputed",NA,NA,TRUE,TRUE
"nbinom","ar1",50,2,36,15874,TRUE,19.7402718638631,5.16957010403419e-05,9.91945885773879,-607.995252020797,-607.995252028621,-2.79670757663553e-08,"","none",NA,NA,TRUE,TRUE
"nbinom","ar1",5,3,36,23793,TRUE,15.7929365058184,0.000372055227790083,97.1368975144449,-660.519235741313,-660.519234923483,-7.72040380070393e-07,"","tmb",NA,NA,TRUE,TRUE
"nbinom","ar1",1,4,36,31712,TRUE,-0.0134660248840873,1.00675573012785,0.231748172376646,-652.012758706991,-651.395882623694,43.6446103392761,"","recomputed",NA,NA,TRUE,FALSE
"nbinom","ri",Inf,5,36,39631,TRUE,3.20417469736799,0.201475529091687,1.24573705194234,-485.289082002589,-485.666870613575,0.339577718104465,"","tmb",NA,NA,FALSE,FALSE
"nbinom","ri",50,6,36,47550,TRUE,2.82414813158185,0.243637438680457,0.836942731238806,-498.507130177475,-499.435638748584,0.829675635165927,"","tmb",NA,NA,FALSE,FALSE
"nbinom","ri",5,7,36,55469,TRUE,1.46066202635717,0.481749498262009,0.293961495749446,-538.279174520781,-550.794680135408,10.6560594015406,"","tmb",NA,NA,FALSE,FALSE
"beta","ar1",10000,8,36,63388,TRUE,16.4876345017604,0.000262878857209265,17.7543124795147,216.972851828588,NA,4.8583484840492e-05,"","tmb",NA,NA,TRUE,TRUE
"beta","ar1",200,9,36,71307,TRUE,16.5648781893012,0.000252919552363169,NA,183.946694734069,NA,-0.000134895691644488,"","none",NA,NA,TRUE,TRUE
"beta","ar1",20,10,36,79226,TRUE,3.03384913502865,0.219385555975171,0.384925236434454,124.863029300477,NA,72.4719142801472,"","recomputed",NA,NA,FALSE,FALSE
"beta","ri",200,11,36,87145,TRUE,5.3266767876491,0.0697150963817933,0.0858907296615312,520.404428930638,NA,2177.07120074857,"","tmb",NA,NA,FALSE,FALSE
"beta","ri",20,12,36,95064,TRUE,3.01780834151265,0.22115219026087,0.0843889537755128,217.012279743448,NA,2225.83664332857,"","tmb",NA,NA,FALSE,FALSE
"nbinom","ar1",Inf,1,37,7956,TRUE,2.22381870503813,0.328930317185061,1.14842544266809,-645.519254781475,-645.719239606111,2.13100224990069,"","recomputed",NA,NA,FALSE,FALSE
"nbinom","ar1",50,2,37,15875,TRUE,1.64525353583397,0.439276260906081,0.439964203191313,-594.080086550847,-595.711890069419,6.88043199723131,"","recomputed",NA,NA,FALSE,FALSE
"nbinom","ar1",5,3,37,23794,TRUE,0.482293635388072,0.785726259402047,0.207278285462932,-629.145643446893,-631.828870789201,39.79538857488,"","recomputed",NA,NA,FALSE,FALSE
"nbinom","ar1",1,4,37,31713,TRUE,-0.250856208427027,1.13363366254682,0.182738475549807,-593.785521656914,-598.573652611516,73.6171545662834,"","recomputed",NA,NA,FALSE,FALSE
"nbinom","ri",Inf,5,37,39632,TRUE,18.3298357417676,0.00010464699011971,17.6434588692438,-502.122408509956,-502.122408321936,-1.78673133177654e-07,"","tmb",NA,NA,TRUE,TRUE
"nbinom","ri",50,6,37,47551,TRUE,4.86077613296031,0.0880026750667505,4.2466456356502,-543.562075983622,-543.591208930632,0.0262753738630863,"","tmb",NA,NA,FALSE,FALSE
"nbinom","ri",5,7,37,55470,TRUE,1.13437701137983,0.567117647446765,0.27597527929569,-502.054125583361,-516.889737491414,12.7469460380679,"","tmb",NA,NA,FALSE,FALSE
"beta","ar1",10000,8,37,63389,TRUE,17.6129638836496,0.000149759191808892,0,231.530217224471,NA,0.000278301061371167,"g","boundary",NA,NA,TRUE,TRUE
"beta","ar1",200,9,37,71308,TRUE,18.7119317150649,8.64481403337572e-05,4.93096469891446,204.351168660933,NA,-0.000284031144929031,"","tmb",NA,NA,TRUE,TRUE
"beta","ar1",20,10,37,79227,TRUE,2.8249153452516,0.243543995617593,0.228309525162008,123.463659756777,NA,138.581814384869,"","tmb",NA,NA,FALSE,FALSE
"beta","ri",200,11,37,87146,TRUE,5.27855111117261,0.0714129855598935,0.085874876704105,516.263437373375,NA,2177.2910852208,"","tmb",NA,NA,FALSE,FALSE
"beta","ri",20,12,37,95065,TRUE,2.98397039548839,0.224925690056284,0.0844332709324524,217.26912891133,NA,2224.78468617807,"","tmb",NA,NA,FALSE,FALSE
"nbinom","ar1",Inf,1,38,7957,TRUE,18.9296684486597,7.75308819400531e-05,8.89126560036906,-607.049318693915,-607.04931863756,-5.39207576366607e-08,"","recomputed",NA,NA,TRUE,TRUE
"nbinom","ar1",50,2,38,15876,TRUE,16.3609730922497,0.000280065642120886,NA,-581.361079944986,-581.361078765907,-1.12301336230303e-06,"","none",NA,NA,TRUE,TRUE
"nbinom","ar1",5,3,38,23795,TRUE,14.8772521256619,0.00058809264507181,101.426850068617,-665.53617982961,-665.510610020235,-9.45534338825382e-07,"","none",NA,NA,TRUE,TRUE
"nbinom","ar1",1,4,38,31714,TRUE,0.0657538534591978,0.967657645051768,0.257407282255711,-615.251090149404,-615.605827253038,46.0215123577741,"","tmb",NA,NA,FALSE,FALSE
"nbinom","ri",Inf,5,38,39633,TRUE,3.11706259280349,0.210444925556894,0.77137546114968,-540.189121114568,-541.288796620754,0.986868589797609,"","tmb",NA,NA,FALSE,FALSE
"nbinom","ri",50,6,38,47552,TRUE,3.41508890021927,0.181310463326473,1.37230686334317,-481.818491002567,-482.125189947519,0.276417723308214,"","tmb",NA,NA,FALSE,FALSE
"nbinom","ri",5,7,38,55471,TRUE,1.90643894288484,0.385497923909347,0.392128145767545,-536.247487201112,-542.614628948607,5.46325832896099,"","tmb",NA,NA,FALSE,FALSE
"beta","ar1",10000,8,38,63390,TRUE,17.0675276129169,0.000196713184477848,NA,208.529480768974,NA,0.000179180136456125,"","none",NA,NA,TRUE,TRUE
"beta","ar1",200,9,38,71309,TRUE,21.2296119580263,2.45498213922947e-05,1.32529801910011,222.458833089072,NA,0.0105323111961297,"","tmb",NA,NA,FALSE,FALSE
"beta","ar1",20,10,38,79228,TRUE,2.88756083104385,0.236033764205636,0.270701367373112,121.03817152432,NA,100.642963578005,"","recomputed",NA,NA,FALSE,FALSE
"beta","ri",200,11,38,87147,TRUE,5.24209487591511,0.072726646268518,0.0858649584477626,513.63426499514,NA,2177.58073970609,"","tmb",NA,NA,FALSE,FALSE
"beta","ri",20,12,38,95066,TRUE,3.01717954784689,0.221221730740152,0.0844257910123677,217.491168053348,NA,2223.94821805215,"","tmb",NA,NA,FALSE,FALSE
"nbinom","ar1",Inf,1,39,7958,TRUE,18.4510505434238,9.84929809504185e-05,NA,-618.016167744463,-618.016167604367,-1.63387085194699e-07,"","none",NA,NA,TRUE,TRUE
"nbinom","ar1",50,2,39,15877,TRUE,1.67908445810604,0.431908193204499,0.550321721922312,-661.306617325457,-662.41766817901,4.97592988242604,"","recomputed",NA,NA,FALSE,FALSE
"nbinom","ar1",5,3,39,23796,TRUE,20.5274079071457,3.48762682262738e-05,4.03242476349032,-625.237773407056,-625.237773400221,-6.16967099631438e-09,"","tmb",NA,NA,TRUE,TRUE
"nbinom","ar1",1,4,39,31715,TRUE,0.0882175996303248,0.956849846723073,0.276735754316573,-646.700691537417,-648.865715854789,34.7320939904683,"","recomputed",NA,NA,FALSE,FALSE
"nbinom","ri",Inf,5,39,39634,TRUE,17.2728547774013,0.000177519980586291,31.8488339562686,-494.650110358444,-494.650109621082,-7.01002193181921e-07,"","tmb",NA,NA,TRUE,TRUE
"nbinom","ri",50,6,39,47553,TRUE,2.7631891879395,0.251177707094345,0.702882730486799,-530.78367185924,-532.102723438518,1.17573530952484,"","tmb",NA,NA,FALSE,FALSE
"nbinom","ri",5,7,39,55472,TRUE,1.25616709885403,0.5336134655412,0.223511138992248,-596.688947438141,-624.241698397873,23.1129962613227,"","tmb",NA,NA,FALSE,FALSE
"beta","ar1",10000,8,39,63391,TRUE,16.5544770215621,0.000254238307884571,0,198.452964358781,NA,-3.23652880069858e-05,"g,ar","boundary",NA,NA,TRUE,TRUE
"beta","ar1",200,9,39,71310,TRUE,18.426074969177,9.9730652132813e-05,0,193.830334121499,NA,5.71941732232517e-05,"g,ar","boundary",NA,NA,TRUE,TRUE
"beta","ar1",20,10,39,79229,TRUE,2.92032824804586,0.232198162305748,0.232436232760781,132.344509943167,NA,122.773600989409,"","tmb",NA,NA,FALSE,FALSE
"beta","ri",200,11,39,87148,TRUE,5.35071315048661,0.0688822623056523,0.0858988876281609,525.130034614058,NA,2176.78617763002,"","tmb",NA,NA,FALSE,FALSE
"beta","ri",20,12,39,95067,TRUE,3.11829894785836,0.210314873434942,0.0845752573889492,232.792157460042,NA,2218.44109540519,"","tmb",NA,NA,FALSE,FALSE
"nbinom","ar1",Inf,1,40,7959,TRUE,15.7965179574182,0.000371389575073309,0,-640.89836853304,-640.89836722063,-1.28514625430398e-06,"g","boundary",NA,NA,TRUE,TRUE
"nbinom","ar1",50,2,40,15878,TRUE,19.1924197264383,6.7985924747605e-05,11.3781026485174,-576.8849721092,-576.884972056193,-4.90304046252277e-08,"","recomputed",NA,NA,TRUE,TRUE
"nbinom","ar1",5,3,40,23797,TRUE,18.1145439572791,0.000116540468213189,19.0313674491765,-583.070555014918,-583.070554893115,-1.15740476758219e-07,"","recomputed",NA,NA,TRUE,TRUE
"nbinom","ar1",1,4,40,31716,TRUE,0.348867507940834,0.839932494579098,0.379645062138505,-596.053319779119,-595.575553972985,17.4887311160894,"","recomputed",NA,NA,TRUE,FALSE
"nbinom","ri",Inf,5,40,39635,TRUE,2.79501775773967,0.24721203263635,0.662219235825518,-542.470168428439,-544.026810679276,1.38220938787072,"","tmb",NA,NA,FALSE,FALSE
"nbinom","ri",50,6,40,47554,TRUE,15.5733771032888,0.000415225608028864,NA,-515.902367426224,-515.902367357817,-6.50017000225489e-08,"","none",NA,NA,TRUE,TRUE
"nbinom","ri",5,7,40,55473,TRUE,1.79484435617692,0.407619075940955,0.375005034012969,-521.726601645392,-527.850296741351,5.34473115887283,"","tmb",NA,NA,FALSE,FALSE
"beta","ar1",10000,8,40,63392,TRUE,17.1879431027676,0.000185219018121443,8.16114641750033,224.147868462444,NA,0.000115433174869395,"g","boundary",NA,NA,TRUE,TRUE
"beta","ar1",200,9,40,71311,TRUE,15.1090432408032,0.000523736626909136,0,218.401545205542,NA,-0.000174590352798987,"g,ar","boundary",NA,NA,TRUE,TRUE
"beta","ar1",20,10,40,79230,TRUE,2.57664441328473,0.275733018240272,0.14037262935814,132.729324350489,NA,354.585442493262,"","recomputed",NA,NA,FALSE,FALSE
"beta","ri",200,11,40,87149,TRUE,5.30871389852265,0.0703440589232619,0.0858803689230009,519.859308818511,NA,2177.13245376732,"","tmb",NA,NA,FALSE,FALSE
"beta","ri",20,12,40,95068,TRUE,2.88291257270566,0.236582975133269,0.0842433554445937,202.370263275532,NA,2230.13762900285,"","tmb",NA,NA,FALSE,FALSE
"nbinom","ar1",Inf,1,41,7960,TRUE,14.2627202706713,0.000799631041076394,71.713857446408,-622.805654343284,-622.774451828285,-1.03359411696147e-06,"g","boundary",NA,NA,TRUE,TRUE
"nbinom","ar1",50,2,41,15879,TRUE,19.5287743389463,5.74619729195205e-05,40.1479535777297,-579.908164435882,-579.908164437161,-2.77442495644209e-08,"g","boundary",NA,NA,TRUE,TRUE
"nbinom","ar1",5,3,41,23798,TRUE,14.5399526670324,0.000696128468478069,48.6625991675558,-647.028226687043,-647.027931752172,-1.54941517394036e-08,"","none",NA,NA,TRUE,TRUE
"nbinom","ar1",1,4,41,31717,TRUE,-0.178586809086375,1.09340141821116,0.185895885104643,-664.982495561497,-668.994156611236,62.0197363506013,"","recomputed",NA,NA,FALSE,FALSE
"nbinom","ri",Inf,5,41,39636,TRUE,4.12398297538686,0.127200399457305,1.64543304781988,-534.460934966923,-534.674204640591,0.191183338767246,"","tmb",NA,NA,FALSE,FALSE
"nbinom","ri",50,6,41,47555,TRUE,3.50282273411792,0.173528857624667,1.25242423665828,-524.599851553302,-524.974503810997,0.336246174500161,"","tmb",NA,NA,FALSE,FALSE
"nbinom","ri",5,7,41,55474,TRUE,1.50119345141766,0.47208476355879,0.28333005903827,-532.684448880947,-546.148247655949,11.4788023614328,"","tmb",NA,NA,FALSE,FALSE
"beta","ar1",10000,8,41,63393,TRUE,8.61870457160875,0.0134422535135369,15.95027150023,213.212578722842,NA,0.00424109426262476,"","recomputed",NA,NA,FALSE,FALSE
"beta","ar1",200,9,41,71312,TRUE,17.3606177690625,0.000169898580449826,NA,206.055246927127,NA,0.0002495484618521,"","none",NA,NA,TRUE,TRUE
"beta","ar1",20,10,41,79231,TRUE,2.77458770188145,0.249750252375687,0.379737764548312,110.195315018315,NA,104.998480800041,"","tmb",NA,NA,FALSE,FALSE
"beta","ri",200,11,41,87150,TRUE,5.32001759985229,0.0699476062081782,0.0858810601067159,520.788327756319,NA,2177.20445113692,"","tmb",NA,NA,FALSE,FALSE
"beta","ri",20,12,41,95069,TRUE,3.0239047075486,0.220479104275923,0.0844119406274107,218.435747551296,NA,2227.1791545953,"","tmb",NA,NA,FALSE,FALSE
"nbinom","ar1",Inf,1,42,7961,TRUE,19.512237006691,5.79390765757211e-05,0,-577.508013460724,-577.50801343987,-4.06632807425922e-08,"g","boundary",NA,NA,TRUE,TRUE
"nbinom","ar1",50,2,42,15880,TRUE,2.75106857745493,0.252704542540782,1.65209109070929,-617.815455162112,-617.98424927315,0.685344481652464,"","recomputed",NA,NA,FALSE,FALSE
"nbinom","ar1",5,3,42,23799,TRUE,1.40560464126356,0.495195660571494,1.07809466925726,-567.309157458093,-566.932508295115,3.41793863523901,"","recomputed",NA,NA,TRUE,FALSE
"nbinom","ar1",1,4,42,31718,TRUE,0.18230023726456,0.912880660216446,0.270895289820823,-611.426025656605,-610.944088104696,34.4035386773188,"","recomputed",NA,NA,TRUE,FALSE
"nbinom","ri",Inf,5,42,39637,TRUE,16.8838411495606,0.000215635608018702,26.832756969805,-480.373756946075,-480.37375403417,-2.76694788681198e-06,"","recomputed",NA,NA,TRUE,TRUE
"nbinom","ri",50,6,42,47556,TRUE,2.83517549282365,0.242297796230421,1.04660453181832,-469.491883034068,-470.044298198253,0.495391487588051,"","tmb",NA,NA,FALSE,FALSE
"nbinom","ri",5,7,42,55475,TRUE,2.18919916021378,0.334673590085229,0.57240426669056,-469.641811234319,-471.832054356384,1.94585528617733,"","tmb",NA,NA,FALSE,FALSE
"beta","ar1",10000,8,42,63394,TRUE,18.6383865450341,8.96862335759935e-05,NA,224.478038549808,NA,-0.000696048956797313,"","none",NA,NA,TRUE,TRUE
"beta","ar1",200,9,42,71313,TRUE,33.9375166107384,4.2713179737935e-08,0.00675160265173365,1016.87617102895,NA,-2399.1326431563,"","none",NA,NA,TRUE,TRUE
"beta","ar1",20,10,42,79232,TRUE,17.9291127378031,0.000127862336499715,7.1569194124402,111.545752532686,NA,0.00028206651131768,"","recomputed",NA,NA,TRUE,TRUE
"beta","ri",200,11,42,87151,TRUE,5.29624240118349,0.0707840772912563,0.0858778368242813,517.677808514754,NA,2177.26630042372,"","tmb",NA,NA,FALSE,FALSE
"beta","ri",20,12,42,95070,TRUE,2.98967406994473,0.224285152388516,0.0844429840608166,213.03293235904,NA,2223.65023854581,"","tmb",NA,NA,FALSE,FALSE
"nbinom","ar1",Inf,1,43,7962,TRUE,17.2770066445365,0.000177151843146307,0,-623.473219252174,-623.473218786526,-4.80180460726842e-07,"g","boundary",NA,NA,TRUE,TRUE
"nbinom","ar1",50,2,43,15881,TRUE,16.9171372750449,0.000212075410312085,NA,-638.871112616255,-638.87111244337,-1.6440799299744e-07,"","none",NA,NA,TRUE,TRUE
"nbinom","ar1",5,3,43,23800,TRUE,1.29778917726847,0.522623171166471,0.459569061571406,-683.443674930268,-684.337419681995,9.24086449606875,"","recomputed",NA,NA,FALSE,FALSE
"nbinom","ar1",1,4,43,31719,TRUE,-0.266527040002922,1.14255104371612,0.202218347027793,-614.738200102663,-616.097857026438,62.9178456656384,"","recomputed",NA,NA,FALSE,FALSE
"nbinom","ri",Inf,5,43,39638,TRUE,3.29423437494067,0.192604351296814,1.03306493166215,-505.777093607719,-506.393494869853,0.559489478223725,"","tmb",NA,NA,FALSE,FALSE
"nbinom","ri",50,6,43,47557,TRUE,3.95670085709636,0.138297180335601,1.59067110183893,-537.324500672587,-537.548875986486,0.201321629949803,"","tmb",NA,NA,FALSE,FALSE
"nbinom","ri",5,7,43,55476,TRUE,2.13255009254349,0.344288590901621,0.446415844105394,-535.383628347567,-539.23233285123,3.4280235444387,"","tmb",NA,NA,FALSE,FALSE
"beta","ar1",10000,8,43,63395,TRUE,18.1650565792768,0.000113633944438014,2.44776529026508,206.327828839507,NA,-6.55330659355968e-05,"","none",NA,NA,TRUE,TRUE
"beta","ar1",200,9,43,71314,TRUE,16.5439608216994,0.000255578639023255,0,203.660104913753,NA,0.0001110479511226,"g","boundary",NA,NA,TRUE,TRUE
"beta","ar1",20,10,43,79233,TRUE,2.89940434548955,0.234640159923209,0.19886092635309,132.822588407539,NA,134.439279977513,"","recomputed",NA,NA,FALSE,FALSE
"beta","ri",200,11,43,87152,TRUE,5.38503257343358,0.0677103461863922,0.0858956148693397,530.093446133386,NA,2176.72232452104,"","tmb",NA,NA,FALSE,FALSE
"beta","ri",20,12,43,95071,TRUE,3.0098705748346,0.222031661609321,0.0845014810798962,217.922507149494,NA,2222.02119868334,"","tmb",NA,NA,FALSE,FALSE
"nbinom","ar1",Inf,1,44,7963,TRUE,22.0722293533425,1.61092860867363e-05,1.53852465648845,-632.809761133353,-632.809761167503,-3.05612957163248e-09,"g","boundary",NA,NA,TRUE,TRUE
"nbinom","ar1",50,2,44,15882,TRUE,17.719042620668,0.000142023032851919,81.1186421486642,-568.207303252735,-568.207302783649,-4.04744810111879e-07,"","recomputed",NA,NA,TRUE,TRUE
"nbinom","ar1",5,3,44,23801,TRUE,17.4283831009135,0.000164238396170867,13.5019250522097,-622.724412443045,-622.724410880161,-3.65252049050468e-07,"","none",NA,NA,TRUE,TRUE
"nbinom","ar1",1,4,44,31720,TRUE,-0.0466824884501622,1.02361578292981,0.227313705172979,-643.33536544714,-645.777114454003,69.8563119631779,"","tmb",NA,NA,FALSE,FALSE
"nbinom","ri",Inf,5,44,39639,TRUE,18.4898684676455,9.65997665106488e-05,13.8389895599398,-495.211341610905,-495.211341063059,-5.20576179496857e-07,"","tmb",NA,NA,TRUE,TRUE
"nbinom","ri",50,6,44,47558,TRUE,3.99846182681544,0.135439407823692,1.84668554078046,-535.840659492507,-536.007638439107,0.149906876514251,"","tmb",NA,NA,FALSE,FALSE
"nbinom","ri",5,7,44,55477,TRUE,1.54066321303847,0.462859555613596,0.263544438854121,-564.806313046955,-580.381738319189,13.3983925771906,"","tmb",NA,NA,FALSE,FALSE
"beta","ar1",10000,8,44,63396,TRUE,17.3182840469753,0.00017353313040084,15.3521012546221,211.542748401593,NA,5.72676735828281e-05,"","tmb",NA,NA,TRUE,TRUE
"beta","ar1",200,9,44,71315,TRUE,17.4516425716975,0.0001623394108339,0,200.372298386395,NA,0.000171540432802431,"g","boundary",NA,NA,TRUE,TRUE
"beta","ar1",20,10,44,79234,TRUE,2.87103300763603,0.237992408276333,0.207944672458428,141.09615208888,NA,167.182935987915,"","recomputed",NA,NA,FALSE,FALSE
"beta","ri",200,11,44,87153,TRUE,5.3987687834361,0.0672468977471548,0.0859062055748549,531.477581301009,NA,2176.48266519782,"","tmb",NA,NA,FALSE,FALSE
"beta","ri",20,12,44,95072,TRUE,2.92913253901455,0.231178238787018,0.0842609343694267,208.300532434689,NA,2229.42729353146,"","tmb",NA,NA,FALSE,FALSE
"nbinom","ar1",Inf,1,45,7964,TRUE,17.3403007680688,0.000171633291376865,31.782701791262,-653.701193480922,-653.701193246467,-2.66628489953291e-07,"","none",NA,NA,TRUE,TRUE
"nbinom","ar1",50,2,45,15883,TRUE,15.7154794585336,0.00038674703721408,NA,-615.223231277973,-615.223230149853,-1.10856717583374e-06,"","none",NA,NA,TRUE,TRUE
"nbinom","ar1",5,3,45,23802,TRUE,17.9981560970697,0.000123523634401321,NA,-574.556870740823,-574.556870642668,-1.17367449092853e-07,"","none",NA,NA,TRUE,TRUE
"nbinom","ar1",1,4,45,31721,TRUE,0.275584744038933,0.871279574985572,0.318553377297458,-635.857519297203,-636.773265646414,22.5998736110207,"","recomputed",NA,NA,FALSE,FALSE
"nbinom","ri",Inf,5,45,39640,TRUE,21.0786955773203,2.64739907344338e-05,16.0698199785831,-504.73980966456,-504.739809643778,-1.96095584215072e-08,"","tmb",NA,NA,TRUE,TRUE
"nbinom","ri",50,6,45,47559,TRUE,3.96501404721012,0.137723528005586,1.90661398984041,-548.994139853992,-549.149120617124,0.14019110149593,"","tmb",NA,NA,FALSE,FALSE
"nbinom","ri",5,7,45,55478,TRUE,1.54358136308103,0.462184701248939,0.33466704514643,-516.867249013385,-525.250636646316,7.26411428736026,"","tmb",NA,NA,FALSE,FALSE
"beta","ar1",10000,8,45,63397,TRUE,17.357036247182,0.000170203100771672,NA,222.033930543082,NA,9.56555313678109e-05,"","none",NA,NA,TRUE,TRUE
"beta","ar1",200,9,45,71316,TRUE,17.4723079448512,0.00016067064484768,12.5732030554434,220.547841482736,NA,0.000157704466801079,"","tmb",NA,NA,TRUE,TRUE
"beta","ar1",20,10,45,79235,TRUE,3.04183585173583,0.218511217767368,0.305105916104175,119.43121738996,NA,72.0984103432197,"","recomputed",NA,NA,FALSE,FALSE
"beta","ri",200,11,45,87154,TRUE,5.36428816627611,0.0684163065345724,0.0858965006307054,526.474624431484,NA,2176.95908791922,"","tmb",NA,NA,FALSE,FALSE
"beta","ri",20,12,45,95073,TRUE,2.93450389018168,0.230558202017148,0.0843658597618096,206.181648919599,NA,2227.55043467003,"","tmb",NA,NA,FALSE,FALSE
"nbinom","ar1",Inf,1,46,7965,TRUE,17.1210142419874,0.000191522144109218,14.2187017977956,-618.480957232609,-618.480957100363,-1.26025611280056e-07,"","tmb",NA,NA,TRUE,TRUE
"nbinom","ar1",50,2,46,15884,TRUE,16.6883084294796,0.000237782488807319,35.4807594119022,-616.369215625529,-616.369215035478,-5.68548784940504e-07,"","none",NA,NA,TRUE,TRUE
"nbinom","ar1",5,3,46,23803,TRUE,1.01345354359814,0.602464358249762,0.458608661671927,-638.622353940652,-639.499243150478,10.3018384866808,"","tmb",NA,NA,FALSE,FALSE
"nbinom","ar1",1,4,46,31722,TRUE,-0.204481878382081,1.10765031595111,0.239266184028733,-580.598872268682,-579.640246782106,48.8100111665925,"","tmb",NA,NA,TRUE,FALSE
"nbinom","ri",Inf,5,46,39641,TRUE,3.67672500690923,0.159077702135908,1.20518299796298,-552.380565078303,-552.788605957372,0.366732955017483,"","tmb",NA,NA,FALSE,FALSE
"nbinom","ri",50,6,46,47560,TRUE,21.6100754273947,2.02969949742893e-05,NA,-488.661939190214,-488.661939188824,6.99856173014268e-10,"","none",NA,NA,TRUE,TRUE
"nbinom","ri",5,7,46,55479,TRUE,1.87963421523439,0.390699284747694,0.399550375332079,-516.195448079089,-521.619001795089,4.77407941466856,"","tmb",NA,NA,FALSE,FALSE
"beta","ar1",10000,8,46,63398,TRUE,17.9793413332598,0.000124691151433409,0,211.975200345138,NA,0.000644477485820971,"g","boundary",NA,NA,TRUE,TRUE
"beta","ar1",200,9,46,71317,TRUE,31.0717926400325,1.78997084308754e-07,NA,234.227475432862,NA,-404.271972656149,"","none",NA,NA,TRUE,TRUE
"beta","ar1",20,10,46,79236,TRUE,2.81189838803638,0.245134266009806,0.37866956890251,105.369364355036,NA,92.2512741045839,"","recomputed",NA,NA,FALSE,FALSE
"beta","ri",200,11,46,87155,TRUE,5.25692353011466,0.0721894211665667,0.085872692914019,513.975626220954,NA,2177.4129603866,"","tmb",NA,NA,FALSE,FALSE
"beta","ri",20,12,46,95074,TRUE,3.04072752828324,0.218632341879095,0.0844439552491792,222.560619596662,NA,2220.00565012743,"","tmb",NA,NA,FALSE,FALSE
"nbinom","ar1",Inf,1,47,7966,TRUE,19.4123040193153,6.09076357303273e-05,3.97928234518015,-612.451406455243,-612.451406411444,-4.1207727008441e-08,"","recomputed",NA,NA,TRUE,TRUE
"nbinom","ar1",50,2,47,15885,TRUE,17.4485519069625,0.000162590473117353,9.94669595385073,-584.948092311171,-584.94809223272,-1.00430156635412e-07,"g","boundary",NA,NA,TRUE,TRUE
"nbinom","ar1",5,3,47,23804,TRUE,20.8732803628416,2.93376119335228e-05,5.21573467291476,-666.118490495045,-666.1184905292,-5.35317212779773e-09,"","none",NA,NA,TRUE,TRUE
"nbinom","ar1",1,4,47,31723,TRUE,0.060486295620766,0.970209600526391,0.308980188511138,-584.647558365002,-583.546814592747,27.8147871261943,"","tmb",NA,NA,TRUE,FALSE
"nbinom","ri",Inf,5,47,39642,TRUE,16.3194797865792,0.00028593675919546,13.2011246310536,-516.79926493012,-516.799262612984,-2.20177184928616e-06,"","tmb",NA,NA,TRUE,TRUE
"nbinom","ri",50,6,47,47561,TRUE,2.52941254850067,0.282322209265631,0.575531195969841,-509.526026196985,-511.828294191652,2.04405944175801,"","tmb",NA,NA,FALSE,FALSE
"nbinom","ri",5,7,47,55480,TRUE,1.66250478576501,0.435503523125233,0.297397208779052,-556.737934957711,-567.952980641432,9.65414366004404,"","tmb",NA,NA,FALSE,FALSE
"beta","ar1",10000,8,47,63399,TRUE,28.1616139528628,7.66978569665739e-07,0.0989786621221546,207.975390775254,NA,10.9176025406932,"","none",NA,NA,FALSE,FALSE
"beta","ar1",200,9,47,71318,TRUE,16.9058089762501,0.000213280045515844,NA,208.8132505627,NA,0.000179507039320015,"","none",NA,NA,TRUE,TRUE
"beta","ar1",20,10,47,79237,TRUE,22.2804961218481,1.4516159788499e-05,4.15993627458206,123.96441624922,NA,-0.0928530826035967,"","recomputed",NA,NA,TRUE,TRUE
"beta","ri",200,11,47,87156,TRUE,5.20075832416056,0.0742454218281625,0.0858785674814299,506.931045695061,NA,2177.3087835705,"","tmb",NA,NA,FALSE,FALSE
"beta","ri",20,12,47,95075,TRUE,2.98238858998615,0.225103654770462,0.0843646091031163,212.977743707978,NA,2229.13345258751,"","tmb",NA,NA,FALSE,FALSE
"nbinom","ar1",Inf,1,48,7967,TRUE,16.1749670901972,0.000307362247991757,NA,-601.08061411313,-601.080613554318,-5.64587708140607e-07,"","none",NA,NA,TRUE,TRUE
"nbinom","ar1",50,2,48,15886,TRUE,15.9702923212027,0.000340482727476937,81.1127658998117,-651.373499752838,-651.373499272777,-4.56701855000574e-07,"","tmb",NA,NA,TRUE,TRUE
"nbinom","ar1",5,3,48,23805,TRUE,1.3046898940922,0.520823041244186,0.424373546838458,-581.665417039578,-583.13601331169,8.38420865490832,"","recomputed",NA,NA,FALSE,FALSE
"nbinom","ar1",1,4,48,31724,TRUE,0.293305685673918,0.863593728131683,0.290538792218112,-576.416207889029,-577.455734530353,26.0119288232219,"","recomputed",NA,NA,FALSE,FALSE
"nbinom","ri",Inf,5,48,39643,TRUE,3.20932719421043,0.200957146106335,0.968091733239856,-538.547567832103,-539.215210686521,0.597909475038932,"","tmb",NA,NA,FALSE,FALSE
"nbinom","ri",50,6,48,47562,TRUE,20.8477008273188,2.97152429355676e-05,4.82715563544629,-513.754971334478,-513.754971325426,-8.5407236838364e-09,"","tmb",NA,NA,TRUE,TRUE
"nbinom","ri",5,7,48,55481,TRUE,2.58758900457113,0.274228246678458,0.484004815888103,-544.864618606694,-548.106201515802,2.86725194896053,"","tmb",NA,NA,FALSE,FALSE
"beta","ar1",10000,8,48,63400,TRUE,17.574027466066,0.000152703300295977,8.92845985569242,207.328426302891,NA,-0.000568068498523644,"","none",NA,NA,TRUE,TRUE
"beta","ar1",200,9,48,71319,TRUE,16.1202462613108,0.000315887907421768,0,204.085216583451,NA,-2.45763872044336e-05,"g","boundary",NA,NA,TRUE,TRUE
"beta","ar1",20,10,48,79238,TRUE,2.69793406610407,0.259508185621719,0.398822396186775,107.61439793635,NA,113.320771712928,"","tmb",NA,NA,FALSE,FALSE
"beta","ri",200,11,48,87157,TRUE,5.34798824867212,0.0689761749675922,0.0859010170446294,526.748603188962,NA,2176.38658144496,"","tmb",NA,NA,FALSE,FALSE
"beta","ri",20,12,48,95076,TRUE,2.85449148587436,0.239968949057554,0.0841810978188129,197.932588052914,NA,2232.06891320634,"","tmb",NA,NA,FALSE,FALSE
"nbinom","ar1",Inf,1,49,7968,TRUE,15.4742092102027,0.000436333104529416,32.6275228781948,-550.685481029722,-550.685480382126,-6.02932118454191e-07,"","recomputed",NA,NA,TRUE,TRUE
"nbinom","ar1",50,2,49,15887,TRUE,12.5078512763975,0.00192289072704665,1017.6768060948,-605.477917977641,-605.418823383263,-1.30691491904145e-05,"","none",NA,NA,TRUE,TRUE
"nbinom","ar1",5,3,49,23806,TRUE,16.1205478966826,0.000315840269530985,105.119031629714,-625.764816223159,-625.764815167528,-1.00311228834471e-06,"","recomputed",NA,NA,TRUE,TRUE
"nbinom","ar1",1,4,49,31725,TRUE,-0.134837406489704,1.06974328940448,0.174941171831393,-595.378354722037,-598.815146430132,76.6424766740006,"","recomputed",NA,NA,FALSE,FALSE
"nbinom","ri",Inf,5,49,39644,TRUE,16.1981183063763,0.000303824856296659,15.7158419290745,-493.107286909276,-493.107286677187,-2.206180624853e-07,"","recomputed",NA,NA,TRUE,TRUE
"nbinom","ri",50,6,49,47563,TRUE,17.6794332807557,0.000144863789416116,16.8996761954621,-465.244957147315,-465.2449567707,-3.57893441105261e-07,"","tmb",NA,NA,TRUE,TRUE
"nbinom","ri",5,7,49,55482,TRUE,1.42168137750494,0.491231051401898,0.297366607502839,-536.426214423334,-548.159773928121,10.0499765285728,"","tmb",NA,NA,FALSE,FALSE
"beta","ar1",10000,8,49,63401,TRUE,17.1993630608072,0.000184164435102641,NA,202.800213647608,NA,0.000563767662242753,"","none",NA,NA,TRUE,TRUE
"beta","ar1",200,9,49,71320,TRUE,18.7701942447799,8.39661243179656e-05,NA,209.051994586773,NA,-0.00183201299159919,"","none",NA,NA,TRUE,TRUE
"beta","ar1",20,10,49,79239,TRUE,2.84973041998884,0.240540883530359,0.281949219997044,123.064481729406,NA,111.294956761144,"","recomputed",NA,NA,FALSE,FALSE
"beta","ri",200,11,49,87158,TRUE,5.40426756622657,0.0670622636371557,0.0858970166569257,533.151809721317,NA,2176.71842247191,"","tmb",NA,NA,FALSE,FALSE
"beta","ri",20,12,49,95077,TRUE,2.96867604902281,0.22665232931303,0.0845037393079077,215.446202545402,NA,2221.15562054312,"","tmb",NA,NA,FALSE,FALSE
"nbinom","ar1",Inf,1,50,7969,TRUE,19.1533781878791,6.93261003713818e-05,12.6218384475226,-591.989836008354,-591.989835975803,-3.25575228998787e-08,"","tmb",NA,NA,TRUE,TRUE
"nbinom","ar1",50,2,50,15888,TRUE,20.1430250184984,4.2266636884741e-05,3.69669804663662,-623.813819951033,-623.813819986691,-1.0107441994478e-08,"g","boundary",NA,NA,TRUE,TRUE
"nbinom","ar1",5,3,50,23807,TRUE,15.9636179125611,0.000341620885983669,0,-622.551182504214,-622.55118142128,-1.05526578408899e-06,"g","boundary",NA,NA,TRUE,TRUE
"nbinom","ar1",1,4,50,31726,TRUE,-0.0363342538539163,1.01833315305934,0.21820199953207,-687.072398532666,-688.715435485014,49.7309346161912,"","tmb",NA,NA,FALSE,FALSE
"nbinom","ri",Inf,5,50,39645,TRUE,3.45955463429474,0.177323892563902,1.37678308664582,-522.388774718233,-522.695696718036,0.276198786146438,"","tmb",NA,NA,FALSE,FALSE
"nbinom","ri",50,6,50,47564,TRUE,5.05192675479373,0.0799812235567238,3.98855578035358,-517.264059829469,-517.29768631507,0.0309794675072226,"","tmb",NA,NA,FALSE,FALSE
"nbinom","ri",5,7,50,55483,TRUE,1.16396057546511,0.55879070380608,0.272459892182956,-516.566415468708,-530.859691381456,12.415373608865,"","tmb",NA,NA,FALSE,FALSE
"beta","ar1",10000,8,50,63402,TRUE,18.0027200820135,0.00012324207577703,NA,217.547021769423,NA,0.000315297124416247,"","none",NA,NA,TRUE,TRUE
"beta","ar1",200,9,50,71321,TRUE,16.332232485501,0.000284119326944425,NA,205.650795365114,NA,0.000263498958702257,"","none",NA,NA,TRUE,TRUE
"beta","ar1",20,10,50,79240,TRUE,2.85992063908859,0.239318418319247,0.291879349073047,121.674433059624,NA,108.68739290526,"","recomputed",NA,NA,FALSE,FALSE
"beta","ri",200,11,50,87159,TRUE,5.30564856343604,0.0704519556430167,0.0858873314374769,517.80540903809,NA,2177.06703332216,"","tmb",NA,NA,FALSE,FALSE
"beta","ri",20,12,50,95078,TRUE,3.13034769385397,0.209051667024148,0.0846211978027979,236.075829584915,NA,2218.57585666121,"","tmb",NA,NA,FALSE,FALSE
