"design","noise","cell","rep","seed","ok","sigma","rel","se_logsig","push","held","how","draws_finite","at","rule"
"ar1",0.5,1,1,6008,TRUE,0.460922256134492,0.45145299385745,0.157989690461657,61.9968704337447,"g","boundary",TRUE,FALSE,FALSE
"ar1",0.2,2,1,12015,TRUE,0.359314384008551,0.400926227804848,0.165297689982796,65.593611725907,"","tmb",TRUE,FALSE,FALSE
"ar1",0.05,3,1,18022,TRUE,1.47232171878915e-05,1.55057862988815e-05,0,-2.94448909698986e-09,"g,dispersion","boundary",TRUE,TRUE,TRUE
"ri1",0.5,4,1,24029,TRUE,0.562848455487504,0.64044453108883,145.858351951082,45.6574770467231,"","tmb",FALSE,FALSE,FALSE
"ri",0.5,5,1,30036,TRUE,0.434358393317074,0.571177453651868,0.04303394289426,53517.919499511,"","tmb",TRUE,FALSE,FALSE
"ar1",0.5,1,2,6009,TRUE,0.457904079703646,0.477148336132443,0.215136975448724,35.6185578665044,"g","boundary",TRUE,FALSE,FALSE
"ar1",0.2,2,2,12016,TRUE,8.88043322527406e-06,1.05570657222053e-05,0,-1.94313543033786e-09,"g,dispersion","boundary",TRUE,TRUE,TRUE
"ar1",0.05,3,2,18023,TRUE,2.19471967037274e-05,2.55104957733585e-05,0,-3.57476892531849e-09,"g,dispersion","boundary",TRUE,TRUE,TRUE
"ri1",0.5,4,2,24030,TRUE,0.565789473358596,0.664450772393589,0.0816496580943508,45.6574901938427,"g","boundary",TRUE,FALSE,FALSE
"ri",0.5,5,2,30037,TRUE,0.475510410292384,0.575129603391765,0.0430333371242593,53517.8993269004,"","tmb",TRUE,FALSE,FALSE
"ar1",0.5,1,3,6010,TRUE,0.524515154789308,0.513943900717371,0.0959522145065754,173.332275082073,"g","boundary",TRUE,FALSE,FALSE
"ar1",0.2,2,3,12017,TRUE,9.67879548686379e-06,9.74712532725423e-06,0,-1.71212377608754e-09,"g,dispersion","boundary",TRUE,TRUE,TRUE
"ar1",0.05,3,3,18024,TRUE,0.0980431333419768,0.123597573923387,2.07138343377353,0.228905179476897,"g","boundary",TRUE,FALSE,FALSE
"ri1",0.5,4,3,24031,TRUE,0.531901340095007,0.668730539909091,93.5525533794508,45.6574603163471,"","tmb",FALSE,FALSE,FALSE
"ri",0.5,5,3,30038,TRUE,0.514593927190567,0.64094443186553,0.0430373553004921,53517.9465996876,"","tmb",TRUE,FALSE,FALSE
"ar1",0.5,1,4,6011,TRUE,0.173501424951802,0.184985359131221,3.9006584038546,0.365414485090355,"","tmb",TRUE,FALSE,FALSE
"ar1",0.2,2,4,12018,TRUE,0.234076111352165,0.270763796526119,0.369266688401045,6.72790368459994,"","tmb",TRUE,FALSE,FALSE
"ar1",0.05,3,4,18025,TRUE,0.171574414394514,0.209589353992497,1.43527852250897,1.45790884557391,"g","boundary",TRUE,FALSE,FALSE
"ri1",0.5,4,4,24032,TRUE,0.526930946742414,0.654358366500886,112.423669286455,45.6574690575922,"","tmb",FALSE,FALSE,FALSE
"ri",0.5,5,4,30039,TRUE,0.531577735066463,0.598089720345617,0.0430355180724181,53517.9298422801,"","tmb",TRUE,FALSE,FALSE
"ar1",0.5,1,5,6012,TRUE,0.393027567038818,0.430847340228168,0.517720046933033,16.3196656455951,"g","boundary",TRUE,FALSE,FALSE
"ar1",0.2,2,5,12019,TRUE,0.155538328177156,0.192308156164201,0.988731555338277,1.05524677946585,"g","boundary",TRUE,FALSE,FALSE
"ar1",0.05,3,5,18026,TRUE,0.0858089047335049,0.0959540961871967,2.69126212603232,0.117879580113936,"","tmb",TRUE,FALSE,FALSE
"ri1",0.5,4,5,24033,TRUE,0.536946291515275,0.667779281077727,125.053065898261,45.6574728323161,"","tmb",FALSE,FALSE,FALSE
"ri",0.5,5,5,30040,TRUE,0.530182263129898,0.679518588539233,0.0430331476201958,53517.9959959315,"","tmb",TRUE,FALSE,FALSE
"ar1",0.5,1,6,6013,TRUE,0.450610206191697,0.439413068990173,0.230097932127032,29.5577200065625,"g","boundary",TRUE,FALSE,FALSE
"ar1",0.2,2,6,12020,TRUE,0.3099962082905,0.360743528083317,0.16447564010453,34.3987534389786,"g","boundary",TRUE,FALSE,FALSE
"ar1",0.05,3,6,18027,TRUE,5.91756625065667e-06,6.86396834792318e-06,0,-1.87992554856464e-09,"g,dispersion","boundary",TRUE,TRUE,TRUE
"ri1",0.5,4,6,24034,TRUE,0.525831106656652,0.662210887906589,0.0816496580947497,45.6574910681759,"g","boundary",TRUE,FALSE,FALSE
"ri",0.5,5,6,30041,TRUE,0.486655979039344,0.583728935977378,0.0430335485652362,53517.9231269697,"","tmb",TRUE,FALSE,FALSE
"ar1",0.5,1,7,6014,TRUE,0.242122579336893,0.264330434886288,1.04157601902019,2.30854447366039,"","tmb",TRUE,FALSE,FALSE
"ar1",0.2,2,7,12021,TRUE,0.267671166611593,0.29631715574234,0.405284298333507,10.0800849338617,"","tmb",TRUE,FALSE,FALSE
"ar1",0.05,3,7,18028,TRUE,0.121017281023905,0.136760366057036,1.14662721970211,0.575562370065882,"g","boundary",TRUE,FALSE,FALSE
"ri1",0.5,4,7,24035,TRUE,0.540244369032541,0.670060498967025,110.483325336455,45.6574683601214,"","tmb",FALSE,FALSE,FALSE
"ri",0.5,5,7,30042,TRUE,0.459095933776545,0.62437181824215,0.0430349953380574,53517.9348683733,"","tmb",TRUE,FALSE,FALSE
"ar1",0.5,1,8,6015,TRUE,0.600884209530995,0.638013282199615,0.0871467204822285,271.454326823491,"g","boundary",TRUE,FALSE,FALSE
"ar1",0.2,2,8,12022,TRUE,0.150491045721669,0.177553128654707,1.78618714764403,0.59591738212066,"","tmb",TRUE,FALSE,FALSE
"ar1",0.05,3,8,18029,TRUE,0.0220654104403282,0.0251257526676032,33.2898302203981,0.000701971995795247,"g","boundary",FALSE,TRUE,FALSE
"ri1",0.5,4,8,24036,TRUE,0.544957075173702,0.669487473893715,54.8090914399668,45.6574059297951,"","tmb",FALSE,FALSE,FALSE
"ri",0.5,5,8,30043,TRUE,0.492819911700106,0.647006533947243,0.0430331472830227,53517.9431843333,"","tmb",TRUE,FALSE,FALSE
"ar1",0.5,1,9,6016,TRUE,0.561236028181677,0.613108479213651,0.102653674400995,216.832370593812,"g","boundary",TRUE,FALSE,FALSE
"ar1",0.2,2,9,12023,TRUE,0.235494798318206,0.288244541320763,0.356469425531375,7.697391861288,"g","boundary",TRUE,FALSE,FALSE
"ar1",0.05,3,9,18030,TRUE,1.33093017103447e-05,1.6266977304925e-05,0,-2.43517206399702e-09,"g,dispersion","boundary",TRUE,TRUE,TRUE
"ri1",0.5,4,9,24037,TRUE,0.549405687962514,0.656163780114072,0.081649658093164,45.6574909770447,"g","boundary",TRUE,FALSE,FALSE
"ri",0.5,5,9,30044,TRUE,0.506734186862976,0.549366028927923,0.0430348326457014,53517.9098026489,"","tmb",TRUE,FALSE,FALSE
"ar1",0.5,1,10,6017,TRUE,0.450176216512126,0.443887729789591,0.311824102486135,25.1613077465596,"g","boundary",TRUE,FALSE,FALSE
"ar1",0.2,2,10,12024,TRUE,0.211174708067725,0.247834256408536,0.401476240736539,5.28320753720402,"g","boundary",TRUE,FALSE,FALSE
"ar1",0.05,3,10,18031,TRUE,0.0171352165172242,0.0206728214965412,115.57336578192,0.000201436162114987,"g","boundary",FALSE,TRUE,FALSE
"ri1",0.5,4,10,24038,TRUE,0.575728715855165,0.649616271781401,0.0816496580873221,45.6574972125314,"g","boundary",TRUE,FALSE,FALSE
"ri",0.5,5,10,30045,TRUE,0.468727666207306,0.540771984276939,0.043036792586446,53517.9037210687,"","tmb",TRUE,FALSE,FALSE
"ar1",0.5,1,11,6018,TRUE,0.578274054802467,0.568583025523988,0.122426413260438,127.233451945306,"","tmb",TRUE,FALSE,FALSE
"ar1",0.2,2,11,12025,TRUE,0.320107860875636,0.39029110299411,0.211693054249789,27.3078571637247,"g","boundary",TRUE,FALSE,FALSE
"ar1",0.05,3,11,18032,TRUE,0.164133098561279,0.203809703520007,0.778381170253236,1.5684710834696,"g","boundary",TRUE,FALSE,FALSE
"ri1",0.5,4,11,24039,TRUE,0.565231786933083,0.677298950024635,705.774975723823,45.6574882403096,"","tmb",FALSE,FALSE,FALSE
"ri",0.5,5,11,30046,TRUE,0.500717982353625,0.638549416439812,0.0430338632225426,53517.934028364,"","tmb",TRUE,FALSE,FALSE
"ar1",0.5,1,12,6019,TRUE,0.571560803741969,0.587494322009202,0.138900922970705,109.957699892085,"g","boundary",TRUE,FALSE,FALSE
"ar1",0.2,2,12,12026,TRUE,0.244917411002088,0.280948765143743,0.451304280265134,6.92877798518185,"","tmb",TRUE,FALSE,FALSE
"ar1",0.05,3,12,18033,TRUE,1.42207261985882e-05,1.83539854063206e-05,0,-5.98174665356055e-09,"g,dispersion","boundary",TRUE,TRUE,TRUE
"ri1",0.5,4,12,24040,TRUE,0.530151786228293,0.672775538195379,0.0816496580915273,45.6575084549863,"g","boundary",TRUE,FALSE,FALSE
"ri",0.5,5,12,30047,TRUE,0.527430613539356,0.648315844235753,0.043033851766631,53517.9373564051,"","tmb",TRUE,FALSE,FALSE
"ar1",0.5,1,13,6020,TRUE,0.388789875754125,0.402222572482789,0.381303765159862,15.3163002584199,"","tmb",TRUE,FALSE,FALSE
"ar1",0.2,2,13,12027,TRUE,0.000264134127990893,0.000320122783679743,0,-4.04023626288108e-05,"dispersion","boundary",TRUE,TRUE,TRUE
"ar1",0.05,3,13,18034,TRUE,0.228429280639577,0.261467670338543,0.469992424505458,6.35617147994799,"","tmb",TRUE,FALSE,FALSE
"ri1",0.5,4,13,24041,TRUE,0.517083693043322,0.644949684624173,83.9803532519035,45.6574534675023,"","tmb",FALSE,FALSE,FALSE
"ri",0.5,5,13,30048,TRUE,0.470139034522755,0.596923496179717,0.0430341018986911,53517.9225965018,"","tmb",TRUE,FALSE,FALSE
"ar1",0.5,1,14,6021,TRUE,0.38495689033827,0.37219926105537,0.379358405056894,11.2416350067688,"g","boundary",TRUE,FALSE,FALSE
"ar1",0.2,2,14,12028,TRUE,0.000214033651614128,0.000235875053108338,0,-5.53585914531141e-06,"dispersion","boundary",TRUE,TRUE,TRUE
"ar1",0.05,3,14,18035,TRUE,0.225614911297249,0.269667561712825,0.326044205802478,10.1965462615026,"g","boundary",TRUE,FALSE,FALSE
"ri1",0.5,4,14,24042,TRUE,0.555026386057057,0.655585807489415,0.0816496580952316,45.6574888556956,"g","boundary",TRUE,FALSE,FALSE
"ri",0.5,5,14,30049,TRUE,0.494058344129928,0.600331851593827,0.0430333490146355,53517.9396932073,"","tmb",TRUE,FALSE,FALSE
"ar1",0.5,1,15,6022,TRUE,0.540812826768984,0.52860241285213,0.12251852156559,113.200066364863,"g","boundary",TRUE,FALSE,FALSE
"ar1",0.2,2,15,12029,TRUE,0.170965350371912,0.190830823226095,0.783614264162222,1.37373522339408,"g","boundary",TRUE,FALSE,FALSE
"ar1",0.05,3,15,18036,TRUE,1.46727461807959e-05,1.86866289806772e-05,NA,-0.000336166492161283,"","none",NA,TRUE,TRUE
"ri1",0.5,4,15,24043,TRUE,0.580674558167938,0.63352940288676,445.602846556604,45.6574874869249,"","tmb",FALSE,FALSE,FALSE
"ri",0.5,5,15,30050,TRUE,0.513531589279616,0.601648180793251,0.0430337080141373,53517.9238857309,"","tmb",TRUE,FALSE,FALSE
"ar1",0.5,1,16,6023,TRUE,0.464524742706936,0.481135757749408,0.261756594490909,43.4969901193416,"","tmb",TRUE,FALSE,FALSE
"ar1",0.2,2,16,12030,TRUE,0.237420399535961,0.257661382799359,0.423484549439776,5.72444950641216,"","tmb",TRUE,FALSE,FALSE
"ar1",0.05,3,16,18037,TRUE,0.235205526366184,0.293750445456548,0.430163583894369,8.25087594056151,"","tmb",TRUE,FALSE,FALSE
"ri1",0.5,4,16,24044,TRUE,0.527859061632825,0.653075790839297,0.0816496580910969,45.6574932363492,"g","boundary",TRUE,FALSE,FALSE
"ri",0.5,5,16,30051,TRUE,0.478799121842304,0.551452542678898,0.0430359451819943,53517.8976578409,"","tmb",TRUE,FALSE,FALSE
"ar1",0.5,1,17,6024,TRUE,0.409162267308139,0.381833727091537,0.288947855781085,19.5808640077854,"g","boundary",TRUE,FALSE,FALSE
"ar1",0.2,2,17,12031,TRUE,0.252010097357065,0.295062382508688,0.457147067739478,6.88161959205024,"g","boundary",TRUE,FALSE,FALSE
"ar1",0.05,3,17,18038,TRUE,0.21998851367428,0.259472229702677,0.32194061299873,7.20550762575908,"g","boundary",TRUE,FALSE,FALSE
"ri1",0.5,4,17,24045,TRUE,0.546746659844694,0.662636427463566,223.459241617649,45.6574837578354,"","tmb",FALSE,FALSE,FALSE
"ri",0.5,5,17,30052,TRUE,0.50799925069345,0.60038572000118,0.0430339367912701,53517.9333199028,"","tmb",TRUE,FALSE,FALSE
"ar1",0.5,1,18,6025,TRUE,0.299843114220357,0.300857904191305,0.745543979577516,5.31877397845483,"","tmb",TRUE,FALSE,FALSE
"ar1",0.2,2,18,12032,TRUE,0.251010439665329,0.278553748952879,0.374666783907811,9.03861209170151,"g","boundary",TRUE,FALSE,FALSE
"ar1",0.05,3,18,18039,TRUE,0.19611011528006,0.218944959265987,0.482562601737342,3.70686255749581,"g","boundary",TRUE,FALSE,FALSE
"ri1",0.5,4,18,24046,TRUE,0.548948894203291,0.650768748020175,112.181012031622,45.6574689723323,"","tmb",FALSE,FALSE,FALSE
"ri",0.5,5,18,30053,TRUE,0.465683970764985,0.595968273520796,0.043034376370159,53517.9225683854,"","tmb",TRUE,FALSE,FALSE
"ar1",0.5,1,19,6026,TRUE,0.52774002997409,0.506639432038809,0.184484782229166,73.9311502012282,"","tmb",TRUE,FALSE,FALSE
"ar1",0.2,2,19,12033,TRUE,0.000206496693683521,0.000238028184238978,0,3.4345142012171e-05,"dispersion","boundary",TRUE,TRUE,TRUE
"ar1",0.05,3,19,18040,TRUE,2.77390981089505e-05,3.38159376289039e-05,0,-2.87354851025157e-09,"g,dispersion","boundary",TRUE,TRUE,TRUE
"ri1",0.5,4,19,24047,TRUE,0.552486123332146,0.662762723189703,1629.87727772792,45.657488646031,"","tmb",FALSE,FALSE,FALSE
"ri",0.5,5,19,30054,TRUE,0.532571375616123,0.659118721257455,0.043035618753558,53517.9552239139,"","tmb",TRUE,FALSE,FALSE
"ar1",0.5,1,20,6027,TRUE,0.000237967804273965,0.00023266018130251,0,1.30877697301912e-05,"dispersion","boundary",TRUE,TRUE,TRUE
"ar1",0.2,2,20,12034,TRUE,0.267150283440434,0.335496231219269,0.536626385610175,9.71788293382144,"","tmb",TRUE,FALSE,FALSE
"ar1",0.05,3,20,18041,TRUE,0.20509071198691,0.229151416400924,0.457610823503236,4.23281349242262,"g","boundary",TRUE,FALSE,FALSE
"ri1",0.5,4,20,24048,TRUE,0.529376095749315,0.651683138029086,108.302354854981,45.657467531124,"","tmb",FALSE,FALSE,FALSE
"ri",0.5,5,20,30055,TRUE,0.491842308152857,0.556037740382275,0.043033130871557,53517.9233333003,"","tmb",TRUE,FALSE,FALSE
"ar1",0.5,1,21,6028,TRUE,0.57650227088403,0.580870261282445,0.275766397216456,67.115579402952,"g","boundary",TRUE,FALSE,FALSE
"ar1",0.2,2,21,12035,TRUE,0.211397879474149,0.258826449849166,0.542510675901132,4.5093733962093,"g","boundary",TRUE,FALSE,FALSE
"ar1",0.05,3,21,18042,TRUE,0.0796099342431546,0.0984649233200398,3.17089831453525,0.0939444373528886,"g","boundary",TRUE,FALSE,FALSE
"ri1",0.5,4,21,24049,TRUE,0.536293667879066,0.640619104039994,0.0816496580948224,45.6574933612198,"g","boundary",TRUE,FALSE,FALSE
"ri",0.5,5,21,30056,TRUE,0.544985321494128,0.738166995987831,0.0430340758321643,53518.1131998917,"","tmb",TRUE,FALSE,FALSE
"ar1",0.5,1,22,6029,TRUE,0.458021192037998,0.444821470577058,0.161527224838153,53.9056057175796,"g","boundary",TRUE,FALSE,FALSE
"ar1",0.2,2,22,12036,TRUE,0.13228978242293,0.155268854577996,1.07215602652671,0.700641620452984,"g","boundary",TRUE,FALSE,FALSE
"ar1",0.05,3,22,18043,TRUE,0.107333755958652,0.121905131947507,1.60345257889126,0.321860660629227,"g","boundary",TRUE,FALSE,FALSE
"ri1",0.5,4,22,24050,TRUE,0.53420600264312,0.656005916554934,116.362496795994,45.6574703674348,"","tmb",FALSE,FALSE,FALSE
"ri",0.5,5,22,30057,TRUE,0.510654485728236,0.666460319735984,0.0430344908909448,53517.9526872405,"","tmb",TRUE,FALSE,FALSE
"ar1",0.5,1,23,6030,TRUE,0.615602058449228,0.594705510738703,0.0918988192181969,231.64993734924,"g","boundary",TRUE,FALSE,FALSE
"ar1",0.2,2,23,12037,TRUE,0.246588842743652,0.296881894437691,0.324219462434926,10.4030785115359,"g","boundary",TRUE,FALSE,FALSE
"ar1",0.05,3,23,18044,TRUE,1.14863956646957e-05,1.39277361151379e-05,0,-2.10002326639369e-09,"g,dispersion","boundary",TRUE,TRUE,TRUE
"ri1",0.5,4,23,24051,TRUE,0.558168418905707,0.648089537296744,1788.05846098161,45.6574886619407,"","tmb",FALSE,FALSE,FALSE
"ri",0.5,5,23,30058,TRUE,0.545215545544332,0.662754100873338,0.0430332197266108,53517.9634510833,"","tmb",TRUE,FALSE,FALSE
"ar1",0.5,1,24,6031,TRUE,0.650922147494794,0.622463978010101,0.0791376389832737,405.708030537462,"g","boundary",TRUE,FALSE,FALSE
"ar1",0.2,2,24,12038,TRUE,0.121115517341691,0.139837018645742,1.9377076939448,0.368088906688456,"","tmb",TRUE,FALSE,FALSE
"ar1",0.05,3,24,18045,TRUE,0.000127921134779133,0.000145371647340526,0,-4.25334337705863e-06,"dispersion","boundary",TRUE,TRUE,TRUE
"ri1",0.5,4,24,24052,TRUE,0.585408783089056,0.653468664119798,0.081649658089247,45.6575079554328,"g","boundary",TRUE,FALSE,FALSE
"ri",0.5,5,24,30059,TRUE,0.547166407011581,0.633728727091561,0.0430333387667732,53517.9316927665,"","tmb",TRUE,FALSE,FALSE
"ar1",0.5,1,25,6032,TRUE,0.488099301873741,0.528642849467908,0.133969858405446,93.2441275890317,"g","boundary",TRUE,FALSE,FALSE
"ar1",0.2,2,25,12039,TRUE,8.40860719011681e-06,8.82602325799898e-06,0,-1.01181285572238e-09,"g,dispersion","boundary",TRUE,TRUE,TRUE
"ar1",0.05,3,25,18046,TRUE,0.249371110961133,0.304537446635003,0.388200895554144,9.46739992256886,"","tmb",TRUE,FALSE,FALSE
"ri1",0.5,4,25,24053,TRUE,0.566308899638343,0.629136847664654,409.407553682129,45.6574872555312,"","tmb",FALSE,FALSE,FALSE
"ri",0.5,5,25,30060,TRUE,0.48332896837521,0.602459526235785,0.0430367210360558,53517.906034248,"","tmb",TRUE,FALSE,FALSE
"ar1",0.5,1,26,6033,TRUE,0.000179361557490228,0.000186263133967402,0,3.80807296096464e-05,"dispersion","boundary",TRUE,TRUE,TRUE
"ar1",0.2,2,26,12040,TRUE,0.0244828257646169,0.0272075345835698,42.2989712924499,0.000537034440412754,"g","boundary",FALSE,TRUE,FALSE
"ar1",0.05,3,26,18047,TRUE,5.09525732835826e-06,6.04177174873254e-06,0,-2.09274730877951e-09,"g,dispersion","boundary",TRUE,TRUE,TRUE
"ri1",0.5,4,26,24054,TRUE,0.552055184824431,0.658906326760504,2856.03698549354,45.6574887092138,"","tmb",FALSE,FALSE,FALSE
"ri",0.5,5,26,30061,TRUE,0.496310064671497,0.677569329644362,0.0430341472288277,53517.9705166242,"","tmb",TRUE,FALSE,FALSE
"ar1",0.5,1,27,6034,TRUE,0.379405243267943,0.401441069130812,0.285652093721426,18.6586846225038,"","tmb",TRUE,FALSE,FALSE
"ar1",0.2,2,27,12041,TRUE,0.264473833889114,0.308204946449281,0.390865080869432,8.34309903660608,"g","boundary",TRUE,FALSE,FALSE
"ar1",0.05,3,27,18048,TRUE,0.0958850890832773,0.118988891206026,2.3678394047945,0.198358015958092,"g","boundary",TRUE,FALSE,FALSE
"ri1",0.5,4,27,24055,TRUE,0.555705002429072,0.659118529820461,1463.40074223511,45.6574886234961,"","tmb",FALSE,FALSE,FALSE
"ri",0.5,5,27,30062,TRUE,0.508364491259986,0.580385327261884,0.0430332829736357,53517.9199027198,"","tmb",TRUE,FALSE,FALSE
"ar1",0.5,1,28,6035,TRUE,0.49535153319225,0.517673706358327,0.19394818877011,55.2704616644139,"g","boundary",TRUE,FALSE,FALSE
"ar1",0.2,2,28,12042,TRUE,0.318361705350487,0.405213942778067,0.181300378688143,36.1527479976805,"g","boundary",TRUE,FALSE,FALSE
"ar1",0.05,3,28,18049,TRUE,1.10435837583247e-05,1.37112328069315e-05,0,-2.07910488825291e-09,"g,dispersion","boundary",TRUE,TRUE,TRUE
"ri1",0.5,4,28,24056,TRUE,0.561387341954705,0.647704950477052,719.534332741098,45.6574882591822,"","tmb",FALSE,FALSE,FALSE
"ri",0.5,5,28,30063,TRUE,0.507997412063013,0.578934026734937,0.043033935761082,53517.919005113,"","tmb",TRUE,FALSE,FALSE
"ar1",0.5,1,29,6036,TRUE,0.465320239167671,0.455079651440216,0.21512459939358,47.6897222667646,"","tmb",TRUE,FALSE,FALSE
"ar1",0.2,2,29,12043,TRUE,0.285347866538814,0.317744409503716,0.245905322505897,19.951168893083,"","tmb",TRUE,FALSE,FALSE
"ar1",0.05,3,29,18050,TRUE,8.63225463835446e-05,9.91450673298623e-05,0,-3.88536136597395e-09,"g,dispersion","boundary",TRUE,TRUE,TRUE
"ri1",0.5,4,29,24057,TRUE,0.542651647560869,0.668201910564709,0.0816496580935404,45.6574958081513,"g","boundary",TRUE,FALSE,FALSE
"ri",0.5,5,29,30064,TRUE,0.470329186272934,0.577505254005924,0.0430339657884228,53517.9183614506,"","tmb",TRUE,FALSE,FALSE
"ar1",0.5,1,30,6037,TRUE,0.537753756698381,0.547744682611102,0.107796657907673,136.599786281273,"g","boundary",TRUE,FALSE,FALSE
"ar1",0.2,2,30,12044,TRUE,0.336797989023618,0.366752828071509,0.194139968742338,28.1568789537928,"g","boundary",TRUE,FALSE,FALSE
"ar1",0.05,3,30,18051,TRUE,2.14782113128978e-07,2.39156554863722e-07,0,-1.67892721947283e-09,"g,dispersion","boundary",TRUE,TRUE,TRUE
"ri1",0.5,4,30,24058,TRUE,0.532737793212607,0.635592930010573,0.0816496580898971,45.657540660555,"g","boundary",TRUE,FALSE,FALSE
"ri",0.5,5,30,30065,TRUE,0.484948439118642,0.614381444573195,0.0430334471806325,53517.9330094627,"","tmb",TRUE,FALSE,FALSE
"ar1",0.5,1,31,6038,TRUE,0.415786152285143,0.434524303032185,0.27087985680907,26.9938529332023,"g","boundary",TRUE,FALSE,FALSE
"ar1",0.2,2,31,12045,TRUE,0.307972868504406,0.357330630334839,0.295866486321574,15.8848758939279,"","tmb",TRUE,FALSE,FALSE
"ar1",0.05,3,31,18052,TRUE,8.83669271729208e-05,0.000106322621901905,0,3.43736342074408e-05,"dispersion","boundary",TRUE,TRUE,TRUE
"ri1",0.5,4,31,24059,TRUE,0.581466838341734,0.64738603756459,256.777545966813,45.6574849668071,"","tmb",FALSE,FALSE,FALSE
"ri",0.5,5,31,30066,TRUE,0.506077936135812,0.587769935250749,0.0430334003398061,53517.9155945303,"","tmb",TRUE,FALSE,FALSE
"ar1",0.5,1,32,6039,TRUE,0.536348247986483,0.573377148517491,0.201390484835456,92.421569580888,"","tmb",TRUE,FALSE,FALSE
"ar1",0.2,2,32,12046,TRUE,0.227754248507164,0.23160993166532,0.415934841511081,5.39611524383679,"","tmb",TRUE,FALSE,FALSE
"ar1",0.05,3,32,18053,TRUE,0.153090159494072,0.180158943387972,0.672659425032675,1.65041892754891,"g","boundary",TRUE,FALSE,FALSE
"ri1",0.5,4,32,24060,TRUE,0.525253132268449,0.645389501928936,1281.89613028253,45.6574885882973,"","tmb",FALSE,FALSE,FALSE
"ri",0.5,5,32,30067,TRUE,0.48728942574877,0.605457513269401,0.0430332470921979,53517.9507651288,"","tmb",TRUE,FALSE,FALSE
"ar1",0.5,1,33,6040,TRUE,0.460666796422153,0.450961920750253,0.185641448773127,41.1037048403453,"g","boundary",TRUE,FALSE,FALSE
"ar1",0.2,2,33,12047,TRUE,0.000195037012765253,0.000212006383532176,0,-6.81868505125749e-06,"dispersion","boundary",TRUE,TRUE,TRUE
"ar1",0.05,3,33,18054,TRUE,1.76518192263783e-05,2.00405313275969e-05,0,-6.41512087895535e-09,"g,dispersion","boundary",TRUE,TRUE,TRUE
"ri1",0.5,4,33,24061,TRUE,0.55147341923199,0.673532826902883,1359.72467335527,45.6574886051055,"","tmb",FALSE,FALSE,FALSE
"ri",0.5,5,33,30068,TRUE,0.489780525204212,0.52153424695378,0.043033654224749,53517.9049656103,"","tmb",TRUE,FALSE,FALSE
"ar1",0.5,1,34,6041,TRUE,0.516156641781775,0.560421487337988,0.173399636062063,67.5151297436469,"g","boundary",TRUE,FALSE,FALSE
"ar1",0.2,2,34,12048,TRUE,0.0844602103996404,0.105713656339539,6.50228025068738,0.0724933157169971,"","tmb",TRUE,FALSE,FALSE
"ar1",0.05,3,34,18055,TRUE,0.322753230158824,0.407164660684515,0.13574380315381,54.9305187456833,"g","boundary",TRUE,FALSE,FALSE
"ri1",0.5,4,34,24062,TRUE,0.520240816363859,0.66417966635367,115.250036771496,45.6574700110812,"","tmb",FALSE,FALSE,FALSE
"ri",0.5,5,34,30069,TRUE,0.484877975845727,0.583067367208101,0.0430331989203323,53517.9103186762,"","tmb",TRUE,FALSE,FALSE
"ar1",0.5,1,35,6042,TRUE,0.466468774079089,0.504982501812743,0.170166855312632,57.4301480131534,"g","boundary",TRUE,FALSE,FALSE
"ar1",0.2,2,35,12049,TRUE,0.266164104237635,0.332798532948515,0.277781013220769,16.0220007433926,"g","boundary",TRUE,FALSE,FALSE
"ar1",0.05,3,35,18056,TRUE,0.000108404621307618,0.000124687630473136,0,-2.79646656053956e-06,"dispersion","boundary",TRUE,TRUE,TRUE
"ri1",0.5,4,35,24063,TRUE,0.522962966309401,0.633121020172046,0.081649658093735,45.6574887480298,"g","boundary",TRUE,FALSE,FALSE
"ri",0.5,5,35,30070,TRUE,0.532163769015459,0.595185921117672,0.0430331367971907,53517.9199899597,"","tmb",TRUE,FALSE,FALSE
"ar1",0.5,1,36,6043,TRUE,0.487214166105819,0.507180220300566,0.160053924571348,66.9200167156299,"g","boundary",TRUE,FALSE,FALSE
"ar1",0.2,2,36,12050,TRUE,0.12365334406648,0.12706047118484,1.52141181931798,0.409253370102761,"g","boundary",TRUE,FALSE,FALSE
"ar1",0.05,3,36,18057,TRUE,0.193475085399926,0.216920873662264,0.544650094968863,2.86776512108668,"g","boundary",TRUE,FALSE,FALSE
"ri1",0.5,4,36,24064,TRUE,0.556416378523272,0.671640246461698,0.0816496580910923,45.6574917549241,"g","boundary",TRUE,FALSE,FALSE
"ri",0.5,5,36,30071,TRUE,0.495091734290427,0.691896035344613,0.0430332954398851,53518.0348413086,"","tmb",TRUE,FALSE,FALSE
"ar1",0.5,1,37,6044,TRUE,0.506949241444586,0.482835643851994,0.138056273755813,88.4177889534811,"g","boundary",TRUE,FALSE,FALSE
"ar1",0.2,2,37,12051,TRUE,0.286356743327135,0.34129871061412,0.362134578599033,11.900146385953,"","tmb",TRUE,FALSE,FALSE
"ar1",0.05,3,37,18058,TRUE,0.205002977976357,0.214238316889967,0.345825227826324,5.7992324292477,"g","boundary",TRUE,FALSE,FALSE
"ri1",0.5,4,37,24065,TRUE,0.553375516568701,0.659576624550423,123.067807495047,45.6574723149303,"","tmb",FALSE,FALSE,FALSE
"ri",0.5,5,37,30072,TRUE,0.472002444139484,0.594648101087823,0.0430331458237279,53517.9332044186,"","tmb",TRUE,FALSE,FALSE
"ar1",0.5,1,38,6045,TRUE,0.582538871509289,0.573576176927646,0.0998511177588864,175.182270933657,"g","boundary",TRUE,FALSE,FALSE
"ar1",0.2,2,38,12052,TRUE,0.000152613748399199,0.000189309884661883,0,3.43921165040229e-05,"dispersion","boundary",TRUE,TRUE,TRUE
"ar1",0.05,3,38,18059,TRUE,0.154663325088994,0.173171549527607,0.789644600515302,1.5053189311472,"","tmb",TRUE,FALSE,FALSE
"ri1",0.5,4,38,24066,TRUE,0.567831826343563,0.657675083606564,172.856519729602,45.6574804141209,"","tmb",FALSE,FALSE,FALSE
"ri",0.5,5,38,30073,TRUE,0.486212108503983,0.608559132520842,0.0430331384176534,53517.9183945086,"","tmb",TRUE,FALSE,FALSE
"ar1",0.5,1,39,6046,TRUE,0.498559762833296,0.546773639772095,0.209266249449239,58.1577540321636,"g","boundary",TRUE,FALSE,FALSE
"ar1",0.2,2,39,12053,TRUE,0.21639883261683,0.252058145532294,0.430579752766877,5.59632810700299,"","tmb",TRUE,FALSE,FALSE
"ar1",0.05,3,39,18060,TRUE,0.00017156682408093,0.000231918151388453,0,2.0183415927022e-05,"dispersion","boundary",TRUE,TRUE,TRUE
"ri1",0.5,4,39,24067,TRUE,0.534430731398116,0.651767704041721,0.0816496580881787,45.6575248587763,"g","boundary",TRUE,FALSE,FALSE
"ri",0.5,5,39,30074,TRUE,0.528986025866352,0.634251208792258,0.0430332499169609,53517.9525883322,"","tmb",TRUE,FALSE,FALSE
"ar1",0.5,1,40,6047,TRUE,0.413804714261931,0.413512253258304,0.333085473889497,21.6032478509029,"","tmb",TRUE,FALSE,FALSE
"ar1",0.2,2,40,12054,TRUE,0.273731688563943,0.291811892328057,0.244397304526864,13.4437501127611,"g","boundary",TRUE,FALSE,FALSE
"ar1",0.05,3,40,18061,TRUE,0.000141159699950398,0.000174199547157996,0,1.00723750620091e-05,"dispersion","boundary",TRUE,TRUE,TRUE
"ri1",0.5,4,40,24068,TRUE,0.578067941363609,0.650421351329841,0.0816496580937881,45.6575212078553,"g","boundary",TRUE,FALSE,FALSE
"ri",0.5,5,40,30075,TRUE,0.481476231709177,0.604278916467116,0.0430347024505636,53517.939001891,"","tmb",TRUE,FALSE,FALSE
"ar1",0.5,1,41,6048,TRUE,0.483003360019525,0.523649480264107,0.199637374042186,64.8030827679073,"g","boundary",TRUE,FALSE,FALSE
"ar1",0.2,2,41,12055,TRUE,0.146727489846572,0.180721366926351,1.31440208013478,0.886881426694231,"","tmb",TRUE,FALSE,FALSE
"ar1",0.05,3,41,18062,TRUE,1.05562278299073e-05,1.29120534958001e-05,0,-2.94539859169163e-09,"g,dispersion","boundary",TRUE,TRUE,TRUE
"ri1",0.5,4,41,24069,TRUE,0.537313143135807,0.66616852394026,0.081649658094743,45.6574952105718,"g","boundary",TRUE,FALSE,FALSE
"ri",0.5,5,41,30076,TRUE,0.495582837705195,0.68156594517689,0.0430347143306698,53518.0350611952,"","tmb",TRUE,FALSE,FALSE
"ar1",0.5,1,42,6049,TRUE,0.000196603071130893,0.00020554769303217,0,2.48500150519249e-05,"dispersion","boundary",TRUE,TRUE,TRUE
"ar1",0.2,2,42,12056,TRUE,3.14020344006692e-05,3.61865531220208e-05,0,-0.00173067060268295,"dispersion","boundary",TRUE,TRUE,TRUE
"ar1",0.05,3,42,18063,TRUE,8.40834961753311e-06,9.32260650240806e-06,0,-2.87673174170777e-09,"g,dispersion","boundary",TRUE,TRUE,TRUE
"ri1",0.5,4,42,24070,TRUE,0.55880761798164,0.656925273524721,162.42781157065,45.6574793107259,"","tmb",FALSE,FALSE,FALSE
"ri",0.5,5,42,30077,TRUE,0.455521907583573,0.592619063140595,0.0430343727048434,53517.9350492223,"","tmb",TRUE,FALSE,FALSE
"ar1",0.5,1,43,6050,TRUE,0.604698758548838,0.6400739118405,0.0744204423511833,426.873397398518,"g","boundary",TRUE,FALSE,FALSE
"ar1",0.2,2,43,12057,TRUE,0.120890396109633,0.136886213523305,2.32449816645544,0.335808936148624,"","tmb",TRUE,FALSE,FALSE
"ar1",0.05,3,43,18064,TRUE,0.000201699574227161,0.000238899096656512,0,-1.20657300612947e-05,"dispersion","boundary",TRUE,TRUE,TRUE
"ri1",0.5,4,43,24071,TRUE,0.529302565454219,0.661732002322254,812.522060130036,45.6574883629049,"","tmb",FALSE,FALSE,FALSE
"ri",0.5,5,43,30078,TRUE,0.488941209750065,0.683898652538225,0.0430332399578897,53517.9686263421,"","tmb",TRUE,FALSE,FALSE
"ar1",0.5,1,44,6051,TRUE,0.505297997300118,0.49455130632645,0.189755588933629,47.4793361151982,"g","boundary",TRUE,FALSE,FALSE
"ar1",0.2,2,44,12058,TRUE,0.308445852979938,0.343288639226364,0.215724991652591,20.7675022494254,"g","boundary",TRUE,FALSE,FALSE
"ar1",0.05,3,44,18065,TRUE,9.6975885813028e-06,1.10948546310474e-05,0,-2.88628143607639e-09,"g,dispersion","boundary",TRUE,TRUE,TRUE
"ri1",0.5,4,44,24072,TRUE,0.550163103340332,0.636112065841645,142.156484041571,45.6574764298809,"","tmb",FALSE,FALSE,FALSE
"ri",0.5,5,44,30079,TRUE,0.514680500636587,0.716672774754291,0.0430359562514587,53518.066547604,"","tmb",TRUE,FALSE,FALSE
"ar1",0.5,1,45,6052,TRUE,0.526189511770357,0.557295275671719,0.182369942581918,66.0099327344159,"g","boundary",TRUE,FALSE,FALSE
"ar1",0.2,2,45,12059,TRUE,0.167993129170546,0.191247376306893,0.741674363441532,2.05270034185145,"","tmb",TRUE,FALSE,FALSE
"ar1",0.05,3,45,18066,TRUE,5.80900106335681e-06,6.53015919573408e-06,0,-1.32149580167606e-09,"g,dispersion","boundary",TRUE,TRUE,TRUE
"ri1",0.5,4,45,24073,TRUE,0.58184631916704,0.665534728327609,179.646063158225,45.6574810314855,"","tmb",FALSE,FALSE,FALSE
"ri",0.5,5,45,30080,TRUE,0.484673133593633,0.641759564783522,0.043033175779096,53517.9436988059,"","tmb",TRUE,FALSE,FALSE
"ar1",0.5,1,46,6053,TRUE,0.504075574530389,0.563111335459451,0.180206471506288,75.9527091931074,"g","boundary",TRUE,FALSE,FALSE
"ar1",0.2,2,46,12060,TRUE,0.226454113844298,0.258924323232128,0.492174961839572,5.70373781517219,"","tmb",TRUE,FALSE,FALSE
"ar1",0.05,3,46,18067,TRUE,0.170838217348923,0.198145868776862,0.669937287379189,2.08290867669245,"g","boundary",TRUE,FALSE,FALSE
"ri1",0.5,4,46,24074,TRUE,0.579843703343822,0.672191088030903,1351.91625375421,45.657488603569,"","tmb",FALSE,FALSE,FALSE
"ri",0.5,5,46,30081,TRUE,0.466238375926808,0.596131762635631,0.0430450274896774,53517.9147838928,"","tmb",TRUE,FALSE,FALSE
"ar1",0.5,1,47,6054,TRUE,0.534926783728019,0.531752464303041,0.115821673319776,153.336359980421,"g","boundary",TRUE,FALSE,FALSE
"ar1",0.2,2,47,12061,TRUE,0.128891184358736,0.155948226418118,0.997373795128055,0.707271327777335,"g","boundary",TRUE,FALSE,FALSE
"ar1",0.05,3,47,18068,TRUE,0.149401854311687,0.181178532319174,1.07788286013923,0.901260907786536,"g","boundary",TRUE,FALSE,FALSE
"ri1",0.5,4,47,24075,TRUE,0.52907719935028,0.656903848818311,255.937554565341,45.6574849419223,"","tmb",FALSE,FALSE,FALSE
"ri",0.5,5,47,30082,TRUE,0.517605598928722,0.687777044851346,0.0430342362360355,53517.9885817959,"","tmb",TRUE,FALSE,FALSE
"ar1",0.5,1,48,6055,TRUE,0.57224657201023,0.641849422234003,0.0989394017866971,232.465993141407,"g","boundary",TRUE,FALSE,FALSE
"ar1",0.2,2,48,12062,TRUE,8.95845540073233e-06,1.05291237409651e-05,0,-1.40153133543208e-09,"g,dispersion","boundary",TRUE,TRUE,TRUE
"ar1",0.05,3,48,18069,TRUE,0.191156187895165,0.220163660634246,0.409305775290265,4.96222874700857,"g","boundary",TRUE,FALSE,FALSE
"ri1",0.5,4,48,24076,TRUE,0.559159372296227,0.663992076041379,91.5959316102799,45.657459088948,"","tmb",FALSE,FALSE,FALSE
"ri",0.5,5,48,30083,TRUE,0.421273506403192,0.524161838880424,0.0430332459939265,53517.9139840045,"","tmb",TRUE,FALSE,FALSE
"ar1",0.5,1,49,6056,TRUE,0.466266357823917,0.459095590100184,0.21567026910968,35.5555931962684,"g","boundary",TRUE,FALSE,FALSE
"ar1",0.2,2,49,12063,TRUE,7.41164897035574e-05,8.07869583437944e-05,0,7.97779966887902e-06,"dispersion","boundary",TRUE,TRUE,TRUE
"ar1",0.05,3,49,18070,TRUE,0.000155131970730457,0.000189491601120659,0,1.89601223610225e-05,"dispersion","boundary",TRUE,TRUE,TRUE
"ri1",0.5,4,49,24077,TRUE,0.549707092550417,0.664722304206386,147.271274491362,45.6574772699973,"","tmb",FALSE,FALSE,FALSE
"ri",0.5,5,49,30084,TRUE,0.500618659054256,0.598571396633473,0.0430351769366513,53517.9188291807,"","tmb",TRUE,FALSE,FALSE
"ar1",0.5,1,50,6057,TRUE,0.358685575065904,0.358195871959972,0.3833049222958,13.2658324497776,"","tmb",TRUE,FALSE,FALSE
"ar1",0.2,2,50,12064,TRUE,1.33403396365395e-05,1.39159999798577e-05,0,-1.12095221993513e-09,"g,dispersion","boundary",TRUE,TRUE,TRUE
"ar1",0.05,3,50,18071,TRUE,0.0764767366692665,0.0962490536674415,3.81009527737891,0.0750983810352182,"g","boundary",TRUE,FALSE,FALSE
"ri1",0.5,4,50,24078,TRUE,0.545777306060792,0.654934583290339,3810.22413123653,45.6574887225626,"","tmb",FALSE,FALSE,FALSE
"ri",0.5,5,50,30085,TRUE,0.518143503927953,0.630993398852949,0.0430348335079597,53517.9483563622,"","tmb",TRUE,FALSE,FALSE
"ar1",0.5,1,51,6058,TRUE,0.515031241860716,0.522047167968577,0.175560116276946,55.7100446480497,"g","boundary",TRUE,FALSE,FALSE
"ar1",0.2,2,51,12065,TRUE,4.44564311391443e-05,5.00149240036194e-05,0,0.000135881173719099,"dispersion","boundary",TRUE,TRUE,TRUE
"ar1",0.05,3,51,18072,TRUE,1.02055384116996e-05,1.15924689370125e-05,0,-1.64845914696343e-09,"g,dispersion","boundary",TRUE,TRUE,TRUE
"ri1",0.5,4,51,24079,TRUE,0.552102932716579,0.659069632906831,107.812965507953,45.657467338146,"","tmb",FALSE,FALSE,FALSE
"ri",0.5,5,51,30086,TRUE,0.465162355415549,0.531766776539932,0.0430333729442545,53517.9004676985,"","tmb",TRUE,FALSE,FALSE
"ar1",0.5,1,52,6059,TRUE,0.191522944590741,0.205377958119222,1.68314535054429,0.757647700265238,"g","boundary",TRUE,FALSE,FALSE
"ar1",0.2,2,52,12066,TRUE,0.000236891958254277,0.000310039175621765,0,1.35236268761219e-05,"dispersion","boundary",TRUE,TRUE,TRUE
"ar1",0.05,3,52,18073,TRUE,0.000123974476361137,0.000141615330042476,0,-3.55630727426615e-05,"dispersion","boundary",TRUE,TRUE,TRUE
"ri1",0.5,4,52,24080,TRUE,0.523874354280289,0.642305919805231,0.0816496580922639,45.6575279046219,"g","boundary",TRUE,FALSE,FALSE
"ri",0.5,5,52,30087,TRUE,0.472417922777268,0.559717088292371,0.0430333948865067,53517.8933536272,"","tmb",TRUE,FALSE,FALSE
"ar1",0.5,1,53,6060,TRUE,0.447258401466347,0.441633784209768,0.350966284332239,26.8169341475723,"","tmb",TRUE,FALSE,FALSE
"ar1",0.2,2,53,12067,TRUE,0.000212062934984573,0.000231352335048266,0,5.69568783248542e-07,"dispersion","boundary",TRUE,TRUE,TRUE
"ar1",0.05,3,53,18074,TRUE,1.30953190117397e-05,1.52720963899475e-05,0,-5.20185494679026e-09,"g,dispersion","boundary",TRUE,TRUE,TRUE
"ri1",0.5,4,53,24081,TRUE,0.533670207290312,0.629147693650273,0.0816496580925098,45.6574939612898,"g","boundary",TRUE,FALSE,FALSE
"ri",0.5,5,53,30088,TRUE,0.526829358394111,0.611951460358201,0.0430332196798967,53517.9209775773,"","tmb",TRUE,FALSE,FALSE
"ar1",0.5,1,54,6061,TRUE,0.571810086880157,0.586321191188986,0.0929280393406326,261.612652692508,"g","boundary",TRUE,FALSE,FALSE
"ar1",0.2,2,54,12068,TRUE,0.238849608242653,0.27622904208786,0.348957558202491,7.25621043094355,"g","boundary",TRUE,FALSE,FALSE
"ar1",0.05,3,54,18075,TRUE,0.000114302657698385,0.000147914012359717,0,7.55550622670853e-05,"dispersion","boundary",TRUE,TRUE,TRUE
"ri1",0.5,4,54,24082,TRUE,0.555413100660467,0.674333650410974,0.0816496580906953,45.6574888693321,"g","boundary",TRUE,FALSE,FALSE
"ri",0.5,5,54,30089,TRUE,0.509064744501991,0.561344033052413,0.0430332619468403,53517.9214042572,"","tmb",TRUE,FALSE,FALSE
"ar1",0.5,1,55,6062,TRUE,0.441652901599603,0.444044753431264,0.211734765851318,29.1778514543104,"g","boundary",TRUE,FALSE,FALSE
"ar1",0.2,2,55,12069,TRUE,0.309789403844442,0.328792123473668,0.218473249422763,22.5467823702725,"","tmb",TRUE,FALSE,FALSE
"ar1",0.05,3,55,18076,TRUE,0.105138342458277,0.129919387631532,2.11145120319371,0.266635440998357,"","tmb",TRUE,FALSE,FALSE
"ri1",0.5,4,55,24083,TRUE,0.546521180046548,0.647184734069417,0.0816496580983318,45.657490797117,"g","boundary",TRUE,FALSE,FALSE
"ri",0.5,5,55,30090,TRUE,0.467747877828387,0.599602931242327,0.0430333247631879,53517.9264442392,"","tmb",TRUE,FALSE,FALSE
"ar1",0.5,1,56,6063,TRUE,0.482923172741913,0.455592099351684,0.345871312482943,33.5794849629654,"","tmb",TRUE,FALSE,FALSE
"ar1",0.2,2,56,12070,TRUE,0.0992649915363507,0.108850860807781,2.58625810339722,0.118209595907842,"g","boundary",TRUE,FALSE,FALSE
"ar1",0.05,3,56,18077,TRUE,0.000156947058640354,0.000189440480990328,0,1.64550629051519e-05,"dispersion","boundary",TRUE,TRUE,TRUE
"ri1",0.5,4,56,24084,TRUE,0.494841283501901,0.669082487509179,423.451046314589,45.6574873523446,"","tmb",FALSE,FALSE,FALSE
"ri",0.5,5,56,30091,TRUE,0.485994356281513,0.642547860628825,0.0430333417853543,53517.9760154138,"","tmb",TRUE,FALSE,FALSE
"ar1",0.5,1,57,6064,TRUE,0.626203873823843,0.610788846875422,0.108376679465692,238.043552569119,"","tmb",TRUE,FALSE,FALSE
"ar1",0.2,2,57,12071,TRUE,0.260068824564672,0.293109744145019,0.301822308499398,11.6491893931642,"","tmb",TRUE,FALSE,FALSE
"ar1",0.05,3,57,18078,TRUE,0.198409229825037,0.240232266901493,0.588726794207807,3.3066187150414,"g","boundary",TRUE,FALSE,FALSE
"ri1",0.5,4,57,24085,TRUE,0.531090884369374,0.649046419685216,0.0816496580932876,45.6574888639905,"g","boundary",TRUE,FALSE,FALSE
"ri",0.5,5,57,30092,TRUE,0.499939843652365,0.651858282333794,0.0430336837528027,53517.9391475076,"","tmb",TRUE,FALSE,FALSE
"ar1",0.5,1,58,6065,TRUE,0.500281113858079,0.551017208548676,0.209738097569525,63.4052594456937,"g","boundary",TRUE,FALSE,FALSE
"ar1",0.2,2,58,12072,TRUE,0.168455497923015,0.194031078299495,0.753952467866913,1.6012076069664,"g","boundary",TRUE,FALSE,FALSE
"ar1",0.05,3,58,18079,TRUE,0.000133121098063914,0.000146119973027597,0,-3.71122837350413e-05,"dispersion","boundary",TRUE,TRUE,TRUE
"ri1",0.5,4,58,24086,TRUE,0.527405940800254,0.656284532094169,0.081649658096073,45.657491396814,"g","boundary",TRUE,FALSE,FALSE
"ri",0.5,5,58,30093,TRUE,0.503849174542183,0.559038686313888,0.0430331407228021,53517.90827446,"","tmb",TRUE,FALSE,FALSE
"ar1",0.5,1,59,6066,TRUE,0.247354052112806,0.23838430263695,0.66919059383158,2.47334785659427,"g","boundary",TRUE,FALSE,FALSE
"ar1",0.2,2,59,12073,TRUE,0.247325622913175,0.284325340145825,0.340555647800484,7.85848109045116,"g","boundary",TRUE,FALSE,FALSE
"ar1",0.05,3,59,18080,TRUE,1.25079903590288e-05,1.45422952788177e-05,0,-3.38695826940238e-09,"g,dispersion","boundary",TRUE,TRUE,TRUE
"ri1",0.5,4,59,24087,TRUE,0.538832721254637,0.674811087063986,0.0816496580911688,45.657492396188,"g","boundary",TRUE,FALSE,FALSE
"ri",0.5,5,59,30094,TRUE,0.482398986156813,0.613741161390228,0.0430332341234806,53517.9472108503,"","tmb",TRUE,FALSE,FALSE
"ar1",0.5,1,60,6067,TRUE,0.543617668612738,0.575168403876965,0.113785593720544,167.219205837948,"","tmb",TRUE,FALSE,FALSE
"ar1",0.2,2,60,12074,TRUE,1.00615279398561e-05,1.22025767420602e-05,0,-1.63481672643684e-09,"g,dispersion","boundary",TRUE,TRUE,TRUE
"ar1",0.05,3,60,18081,TRUE,9.82929328529744e-06,1.07290132814787e-05,0,-1.60025592776947e-09,"g,dispersion","boundary",TRUE,TRUE,TRUE
"ri1",0.5,4,60,24088,TRUE,0.55843235683808,0.666128084426671,109.564137389632,45.6574680167953,"","tmb",FALSE,FALSE,FALSE
"ri",0.5,5,60,30095,TRUE,0.499159831395898,0.604932837601177,0.0430358746868055,53517.9237340609,"","tmb",TRUE,FALSE,FALSE
"ar1",0.5,1,61,6068,TRUE,0.456262040834866,0.506998384075642,0.208380380914194,48.4108486032848,"g","boundary",TRUE,FALSE,FALSE
"ar1",0.2,2,61,12075,TRUE,0.161552659256024,0.174921988387448,0.934624409741044,1.22234471342688,"","tmb",TRUE,FALSE,FALSE
"ar1",0.05,3,61,18082,TRUE,0.210853959759651,0.240150849471695,0.370710145068891,5.81423637198407,"","tmb",TRUE,FALSE,FALSE
"ri1",0.5,4,61,24089,TRUE,0.569467106739933,0.666450501790912,0.0816496580905708,45.6575330172665,"g","boundary",TRUE,FALSE,FALSE
"ri",0.5,5,61,30096,TRUE,0.501427186698638,0.591060447057292,0.0430331392935072,53517.9362343012,"","tmb",TRUE,FALSE,FALSE
"ar1",0.5,1,62,6069,TRUE,0.477332323269858,0.465787750905574,0.210262416832329,35.8763762503386,"g","boundary",TRUE,FALSE,FALSE
"ar1",0.2,2,62,12076,TRUE,0.0738882064700811,0.0771980259986619,4.9086332891642,0.0394357646005119,"g","boundary",TRUE,FALSE,FALSE
"ar1",0.05,3,62,18083,TRUE,1.17945127626618e-05,1.38892682075276e-05,0,-2.44472175836563e-09,"g,dispersion","boundary",TRUE,TRUE,TRUE
"ri1",0.5,4,62,24090,TRUE,0.536896213317378,0.663975873845778,209.810284093845,45.6574830885384,"","tmb",FALSE,FALSE,FALSE
"ri",0.5,5,62,30097,TRUE,0.519432239605491,0.646594195438848,0.0430335932119277,53517.9604132098,"","tmb",TRUE,FALSE,FALSE
"ar1",0.5,1,63,6070,TRUE,0.499962063403298,0.534906421509944,0.217587585971848,66.6020692792956,"g","boundary",TRUE,FALSE,FALSE
"ar1",0.2,2,63,12077,TRUE,0.187616197406263,0.224200467195112,0.946196868273185,1.84205196646121,"","tmb",TRUE,FALSE,FALSE
"ar1",0.05,3,63,18084,TRUE,0.154933177490038,0.180320152942768,0.654140709447981,1.86943274192902,"g","boundary",TRUE,FALSE,FALSE
"ri1",0.5,4,63,24091,TRUE,0.547973594926562,0.646339668305829,360.158197440292,45.6574868218675,"","tmb",FALSE,FALSE,FALSE
"ri",0.5,5,63,30098,TRUE,0.534564569183681,0.660558014203339,0.0430332984262691,53517.9402874978,"","tmb",TRUE,FALSE,FALSE
"ar1",0.5,1,64,6071,TRUE,0.171642543992684,0.181585978026453,3.08003952611721,0.367069749580196,"","tmb",TRUE,FALSE,FALSE
"ar1",0.2,2,64,12078,TRUE,0.000139368880812258,0.000157752600063182,0,2.72317925009702e-05,"dispersion","boundary",TRUE,TRUE,TRUE
"ar1",0.05,3,64,18085,TRUE,0.0630996529579107,0.0854650262009205,9.59198215173458,0.0275019927142921,"","tmb",TRUE,FALSE,FALSE
"ri1",0.5,4,64,24092,TRUE,0.541133793048029,0.669596248093161,182.469831462922,45.657481268183,"","tmb",FALSE,FALSE,FALSE
"ri",0.5,5,64,30099,TRUE,0.491939145902088,0.627720964020626,0.0430369050394457,53517.9458160779,"","tmb",TRUE,FALSE,FALSE
"ar1",0.5,1,65,6072,TRUE,0.636701735332754,0.696297857584299,0.113489372070821,319.386791974489,"","tmb",TRUE,FALSE,FALSE
"ar1",0.2,2,65,12079,TRUE,0.0317653547364464,0.0378343170195654,29.5409112779086,0.0013533554267724,"","tmb",FALSE,FALSE,FALSE
"ar1",0.05,3,65,18086,TRUE,0.271572816383525,0.310625466600878,0.196470862769788,20.7255160971066,"g","boundary",TRUE,FALSE,FALSE
"ri1",0.5,4,65,24093,TRUE,0.529016840804918,0.653041387884331,0.0816496580930189,45.6574929554157,"g","boundary",TRUE,FALSE,FALSE
"ri",0.5,5,65,30100,TRUE,0.495567756440507,0.607595276466885,0.0430331484653053,53517.9343339773,"","tmb",TRUE,FALSE,FALSE
"ar1",0.5,1,66,6073,TRUE,0.607864752080021,0.601103631806827,0.128412398135293,168.740351512598,"","tmb",TRUE,FALSE,FALSE
"ar1",0.2,2,66,12080,TRUE,0.252578757786336,0.298225130198073,0.313540976105508,12.0512593475082,"","tmb",TRUE,FALSE,FALSE
"ar1",0.05,3,66,18087,TRUE,0.140957799391711,0.158606796818061,0.93250605239978,0.898974564514674,"g","boundary",TRUE,FALSE,FALSE
"ri1",0.5,4,66,24094,TRUE,0.537704291062239,0.654684339579625,142.50796053084,45.657476490418,"","tmb",FALSE,FALSE,FALSE
"ri",0.5,5,66,30101,TRUE,0.533928660155279,0.656581539561717,0.0430352705024889,53517.9853442176,"","tmb",TRUE,FALSE,FALSE
"ar1",0.5,1,67,6074,TRUE,0.481916424183257,0.508298421271212,0.15204664115088,58.4963980191334,"g","boundary",TRUE,FALSE,FALSE
"ar1",0.2,2,67,12081,TRUE,5.68570143588681e-05,6.33746842215249e-05,0,0.000660942104786955,"dispersion","boundary",TRUE,TRUE,TRUE
"ar1",0.05,3,67,18088,TRUE,0.25567472060752,0.304675303076742,0.318554938957791,14.197646180845,"g","boundary",TRUE,FALSE,FALSE
"ri1",0.5,4,67,24095,TRUE,0.489038608062643,0.648577531590603,0.0816496580888311,45.6575072068675,"g","boundary",TRUE,FALSE,FALSE
"ri",0.5,5,67,30102,TRUE,0.499496151047662,0.560747167859878,0.0430331368221357,53517.91167136,"","tmb",TRUE,FALSE,FALSE
"ar1",0.5,1,68,6075,TRUE,0.65780735889765,0.676890625093323,0.12505758037924,338.682136210241,"","tmb",TRUE,FALSE,FALSE
"ar1",0.2,2,68,12082,TRUE,0.00010186398644256,0.000112388113966602,0,0.000221888101350487,"dispersion","boundary",TRUE,TRUE,TRUE
"ar1",0.05,3,68,18089,TRUE,2.19893524537119e-05,2.64636982174412e-05,0,-2.34331309911795e-09,"g,dispersion","boundary",TRUE,TRUE,TRUE
"ri1",0.5,4,68,24096,TRUE,0.525920740489637,0.637508096332686,0.0816496580922432,45.6574889279426,"g","boundary",TRUE,FALSE,FALSE
"ri",0.5,5,68,30103,TRUE,0.482612224839041,0.556207668659443,0.0430336577061783,53517.9044554654,"","tmb",TRUE,FALSE,FALSE
"ar1",0.5,1,69,6076,TRUE,0.419839759689532,0.449676720416372,0.189060239397012,39.9022533708164,"g","boundary",TRUE,FALSE,FALSE
"ar1",0.2,2,69,12083,TRUE,0.000246843222094763,0.00029135815444278,0,-6.37309403828112e-06,"dispersion","boundary",TRUE,TRUE,TRUE
"ar1",0.05,3,69,18090,TRUE,1.09267426533684e-05,1.17614474860838e-05,0,-1.31421984406188e-09,"g,dispersion","boundary",TRUE,TRUE,TRUE
"ri1",0.5,4,69,24097,TRUE,0.580887372753478,0.672613829781995,0.0816496580932272,45.657544173006,"g","boundary",TRUE,FALSE,FALSE
"ri",0.5,5,69,30104,TRUE,0.506545285021213,0.69612916075339,0.0430335668150897,53518.0169680213,"","tmb",TRUE,FALSE,FALSE
"ar1",0.5,1,70,6077,TRUE,0.534840614220441,0.504652004826017,0.11702591353746,126.667907058837,"g","boundary",TRUE,FALSE,FALSE
"ar1",0.2,2,70,12084,TRUE,0.000162439878057041,0.000192175156196476,0,-6.28957536719099e-05,"dispersion","boundary",TRUE,TRUE,TRUE
"ar1",0.05,3,70,18091,TRUE,0.149195793191912,0.176657994661479,0.913805642651733,1.50206215411146,"","tmb",TRUE,FALSE,FALSE
"ri1",0.5,4,70,24098,TRUE,0.5468423851795,0.663431985945566,0.0816496580937648,45.6575050566454,"g","boundary",TRUE,FALSE,FALSE
"ri",0.5,5,70,30105,TRUE,0.51933156644887,0.708140614409725,0.0430359726090644,53518.0318743663,"","tmb",TRUE,FALSE,FALSE
"ar1",0.5,1,71,6078,TRUE,0.507819595421844,0.493526620997022,0.159026950824578,62.0393935378061,"","tmb",TRUE,FALSE,FALSE
"ar1",0.2,2,71,12085,TRUE,0.28600210258081,0.319190593594813,0.239449784650339,18.9687919533064,"","tmb",TRUE,FALSE,FALSE
"ar1",0.05,3,71,18092,TRUE,0.141692518708006,0.164048015408326,0.714035626817739,1.36161945659148,"g","boundary",TRUE,FALSE,FALSE
"ri1",0.5,4,71,24099,TRUE,0.562552635775072,0.678742494356898,0.0816496580893912,45.6574936728149,"g","boundary",TRUE,FALSE,FALSE
"ri",0.5,5,71,30106,TRUE,0.46512573624094,0.539213416635616,0.0430332955760786,53517.9035350717,"","tmb",TRUE,FALSE,FALSE
"ar1",0.5,1,72,6079,TRUE,0.521034367001229,0.51804445918659,0.23215862630141,53.3615505242992,"","tmb",TRUE,FALSE,FALSE
"ar1",0.2,2,72,12086,TRUE,1.59937699686296e-05,1.74156832842274e-05,0,-1.17324816528708e-09,"g,dispersion","boundary",TRUE,TRUE,TRUE
"ar1",0.05,3,72,18093,TRUE,1.47760764429732e-05,1.79591853903746e-05,0,-4.25916368840262e-09,"g,dispersion","boundary",TRUE,TRUE,TRUE
"ri1",0.5,4,72,24100,TRUE,0.540846452856933,0.66830263471552,106.603408968513,45.6574668497529,"","tmb",FALSE,FALSE,FALSE
"ri",0.5,5,72,30107,TRUE,0.516205265831662,0.650300656474899,0.0430336498792875,53517.9676083186,"","tmb",TRUE,FALSE,FALSE
"ar1",0.5,1,73,6080,TRUE,0.456110468207059,0.472583633730006,0.291592979967866,30.5157362427295,"","tmb",TRUE,FALSE,FALSE
"ar1",0.2,2,73,12087,TRUE,0.107743185625652,0.121604406647693,1.97509177319212,0.22840878914451,"g","boundary",TRUE,FALSE,FALSE
"ar1",0.05,3,73,18094,TRUE,0.000283851813025474,0.000369442650170422,0,3.80107849196065e-06,"dispersion","boundary",TRUE,TRUE,TRUE
"ri1",0.5,4,73,24101,TRUE,0.592746613803201,0.659876769717999,142.568477285268,45.6574765008143,"","tmb",FALSE,FALSE,FALSE
"ri",0.5,5,73,30108,TRUE,0.521180219335095,0.630568419436829,0.043037865441189,53517.9363400625,"","tmb",TRUE,FALSE,FALSE
"ar1",0.5,1,74,6081,TRUE,0.619135698575946,0.623545613667325,0.120551416725913,171.834401686725,"g","boundary",TRUE,FALSE,FALSE
"ar1",0.2,2,74,12088,TRUE,0.0934436373461991,0.108558735638994,2.29424420241856,0.147797298585488,"g","boundary",TRUE,FALSE,FALSE
"ar1",0.05,3,74,18095,TRUE,0.207214512284153,0.235600901365567,0.433079869934748,4.62529989308524,"","tmb",TRUE,FALSE,FALSE
"ri1",0.5,4,74,24102,TRUE,0.56562102050032,0.658471520683161,0.0816496580943896,45.6574899226237,"g","boundary",TRUE,FALSE,FALSE
"ri",0.5,5,74,30109,TRUE,0.506135099048875,0.601142046368534,0.0430331820859304,53517.9197655446,"","tmb",TRUE,FALSE,FALSE
"ar1",0.5,1,75,6082,TRUE,0.470676655084093,0.482098428780094,0.199046922836936,52.1207236615643,"","tmb",TRUE,FALSE,FALSE
"ar1",0.2,2,75,12089,TRUE,7.63864316334831e-05,8.31125476987894e-05,0,8.61924081618781e-06,"dispersion","boundary",TRUE,TRUE,TRUE
"ar1",0.05,3,75,18096,TRUE,7.35004575232245e-06,8.3070439673747e-06,0,-8.05357558419928e-10,"g,dispersion","boundary",TRUE,TRUE,TRUE
"ri1",0.5,4,75,24103,TRUE,0.590471947038284,0.663883401096668,0.0816496580935355,45.6574928958971,"g","boundary",TRUE,FALSE,FALSE
"ri",0.5,5,75,30110,TRUE,0.519560066615358,0.595636914592006,0.0430331433845741,53517.9193555024,"","tmb",TRUE,FALSE,FALSE
"ar1",0.5,1,76,6083,TRUE,0.522418879861603,0.553510475460474,0.12507709949805,123.702240415358,"g","boundary",TRUE,FALSE,FALSE
"ar1",0.2,2,76,12090,TRUE,0.239042744722348,0.267245129096363,0.345146182853874,7.78240457336045,"g","boundary",TRUE,FALSE,FALSE
"ar1",0.05,3,76,18097,TRUE,0.136267560298312,0.173793462432625,0.944921289094948,1.05653902118138,"g","boundary",TRUE,FALSE,FALSE
"ri1",0.5,4,76,24104,TRUE,0.537232675983152,0.621170078233627,192.904408147752,45.6574820547,"","tmb",FALSE,FALSE,FALSE
"ri",0.5,5,76,30111,TRUE,0.528946571644565,0.652782152480001,0.0430378277721591,53517.9440276136,"","tmb",TRUE,FALSE,FALSE
"ar1",0.5,1,77,6084,TRUE,0.436909855553666,0.458838614370654,0.287322381087361,26.9633049416782,"g","boundary",TRUE,FALSE,FALSE
"ar1",0.2,2,77,12091,TRUE,0.204256758616042,0.221575804955465,0.462995898614014,4.70756195394824,"","tmb",TRUE,FALSE,FALSE
"ar1",0.05,3,77,18098,TRUE,1.22051427033866e-05,1.50378411364209e-05,0,-4.26052793045528e-09,"g,dispersion","boundary",TRUE,TRUE,TRUE
"ri1",0.5,4,77,24105,TRUE,0.573678498948094,0.636715759275174,104.737137906594,45.6574660626767,"","tmb",FALSE,FALSE,FALSE
"ri",0.5,5,77,30112,TRUE,0.467736439940572,0.619126609671947,0.0430336530172865,53517.9412360258,"","tmb",TRUE,FALSE,FALSE
"ar1",0.5,1,78,6085,TRUE,0.50631436424051,0.49682569595586,0.122710746374408,99.1743374053982,"g","boundary",TRUE,FALSE,FALSE
"ar1",0.2,2,78,12092,TRUE,1.77111166883991e-05,2.16437695185843e-05,0,-3.44334694091231e-09,"g,dispersion","boundary",TRUE,TRUE,TRUE
"ar1",0.05,3,78,18099,TRUE,0.18818933755331,0.238164953479965,0.537121348314147,4.20219680930802,"","tmb",TRUE,FALSE,FALSE
"ri1",0.5,4,78,24106,TRUE,0.560563779468451,0.676299801236666,0.0816496580934263,45.6574915747426,"g","boundary",TRUE,FALSE,FALSE
"ri",0.5,5,78,30113,TRUE,0.502821306026377,0.571756354650815,0.0430334689362887,53517.921673989,"","tmb",TRUE,FALSE,FALSE
"ar1",0.5,1,79,6086,TRUE,0.455430518829357,0.507450977049539,0.249643469664576,37.5314575917362,"g","boundary",TRUE,FALSE,FALSE
"ar1",0.2,2,79,12093,TRUE,0.000238041775414391,0.000296957350696815,0,8.49002708491753e-06,"dispersion","boundary",TRUE,TRUE,TRUE
"ar1",0.05,3,79,18100,TRUE,0.0880710314530253,0.121867581959198,2.65451511244607,0.15326730161928,"g","boundary",TRUE,FALSE,FALSE
"ri1",0.5,4,79,24107,TRUE,0.56248644436046,0.659820934190175,0.0816496580930834,45.6574906700648,"g","boundary",TRUE,FALSE,FALSE
"ri",0.5,5,79,30114,TRUE,0.499789893984973,0.610874892843457,0.0430332085768441,53517.9171097129,"","tmb",TRUE,FALSE,FALSE
"ar1",0.5,1,80,6087,TRUE,0.227710818725398,0.243522268482,1.5349422813154,1.29387144339103,"g","boundary",TRUE,FALSE,FALSE
"ar1",0.2,2,80,12094,TRUE,0.143917444448918,0.153157699812368,1.49379525417623,0.610883953712118,"","tmb",TRUE,FALSE,FALSE
"ar1",0.05,3,80,18101,TRUE,1.1778986606511e-05,1.52787374844447e-05,0,-6.38056008028798e-09,"g,dispersion","boundary",TRUE,TRUE,TRUE
"ri1",0.5,4,80,24108,TRUE,0.539861462562095,0.668878177407554,286.684283118378,45.6574857129627,"","tmb",FALSE,FALSE,FALSE
"ri",0.5,5,80,30115,TRUE,0.515383457998126,0.617822390817688,0.0430354029176619,53517.9273517764,"","tmb",TRUE,FALSE,FALSE
"ar1",0.5,1,81,6088,TRUE,0.474790427914164,0.485343316726021,0.179043058471985,76.2624846898628,"","tmb",TRUE,FALSE,FALSE
"ar1",0.2,2,81,12095,TRUE,0.295094770356213,0.349031398309777,0.163009749295022,33.8855106291635,"g","boundary",TRUE,FALSE,FALSE
"ar1",0.05,3,81,18102,TRUE,1.42513821029977e-05,1.66848267660189e-05,0,-3.01588443107903e-09,"g,dispersion","boundary",TRUE,TRUE,TRUE
"ri1",0.5,4,81,24109,TRUE,0.572507892081389,0.670488132137567,0.0816496580941502,45.6575065776904,"g","boundary",TRUE,FALSE,FALSE
"ri",0.5,5,81,30116,TRUE,0.53469096916404,0.594242990737545,0.0430342459730087,53517.9381867993,"","tmb",TRUE,FALSE,FALSE
"ar1",0.5,1,82,6089,TRUE,0.644607831701077,0.661705314418735,0.0781373018629628,391.116616160714,"g","boundary",TRUE,FALSE,FALSE
"ar1",0.2,2,82,12096,TRUE,0.000128023536600741,0.000138368141531754,0,-1.17116446745058e-05,"dispersion","boundary",TRUE,TRUE,TRUE
"ar1",0.05,3,82,18103,TRUE,0.187883608973658,0.211711682132864,0.517399639290875,3.2573665128171,"g","boundary",TRUE,FALSE,FALSE
"ri1",0.5,4,82,24110,TRUE,0.534751222681103,0.67237776040102,94.23223656045,45.6574607247111,"","tmb",FALSE,FALSE,FALSE
"ri",0.5,5,82,30117,TRUE,0.539859790670578,0.662902584643615,0.0430335895442277,53517.978082477,"","tmb",TRUE,FALSE,FALSE
"ar1",0.5,1,83,6090,TRUE,0.365176865725131,0.382721972792732,0.440212353738032,14.3357878396556,"","tmb",TRUE,FALSE,FALSE
"ar1",0.2,2,83,12097,TRUE,0.158002196712719,0.193841919772246,1.01110687885352,1.07342979525322,"g","boundary",TRUE,FALSE,FALSE
"ar1",0.05,3,83,18104,TRUE,8.89649084077273e-05,8.41654341491635e-05,0,-5.12028964294586e-06,"dispersion","boundary",TRUE,TRUE,TRUE
"ri1",0.5,4,83,24111,TRUE,0.593875366606371,0.674488888318986,91.439474469452,45.6574589874379,"","tmb",FALSE,FALSE,FALSE
"ri",0.5,5,83,30118,TRUE,0.481088220846986,0.581088555030807,0.0430331370192867,53517.9114389896,"","tmb",TRUE,FALSE,FALSE
"ar1",0.5,1,84,6091,TRUE,0.486946052237596,0.547486760231816,0.251195468124907,53.446105126323,"","tmb",TRUE,FALSE,FALSE
"ar1",0.2,2,84,12098,TRUE,0.191710052395682,0.231229705494338,0.649372165510468,2.51364896265397,"g","boundary",TRUE,FALSE,FALSE
"ar1",0.05,3,84,18105,TRUE,2.02529268859944e-05,2.22232753626384e-05,0,-0.000238793452354003,"dispersion","boundary",TRUE,TRUE,TRUE
"ri1",0.5,4,84,24112,TRUE,0.547569238885199,0.657108523747388,304.35208470002,45.6574860541092,"","tmb",FALSE,FALSE,FALSE
"ri",0.5,5,84,30119,TRUE,0.505595302373464,0.659422378590378,0.0430335840370449,53517.9627822241,"","tmb",TRUE,FALSE,FALSE
"ar1",0.5,1,85,6092,TRUE,0.627563880189926,0.609667752117026,0.094730239778608,315.040697722837,"","tmb",TRUE,FALSE,FALSE
"ar1",0.2,2,85,12099,TRUE,0.187230209891506,0.204153614263856,0.594308985298381,2.62142901316201,"","tmb",TRUE,FALSE,FALSE
"ar1",0.05,3,85,18106,TRUE,0.151087141719794,0.197548236543872,0.959583830590051,1.1825578646808,"g","boundary",TRUE,FALSE,FALSE
"ri1",0.5,4,85,24113,TRUE,0.575856592164194,0.672842360144122,54.8238472278133,45.6574059743867,"","tmb",FALSE,FALSE,FALSE
"ri",0.5,5,85,30120,TRUE,0.513296655267137,0.623856406808547,0.0430395263047899,53517.9424088197,"","tmb",TRUE,FALSE,FALSE
"ar1",0.5,1,86,6093,TRUE,0.475195458041635,0.480851340204568,0.277898452820586,51.8485634233389,"","tmb",TRUE,FALSE,FALSE
"ar1",0.2,2,86,12100,TRUE,0.238459372798555,0.251583971648996,0.428740404039574,6.30324366595943,"","tmb",TRUE,FALSE,FALSE
"ar1",0.05,3,86,18107,TRUE,2.05474031534935e-05,2.62067914687308e-05,0,-3.83079168386757e-09,"g,dispersion","boundary",TRUE,TRUE,TRUE
"ri1",0.5,4,86,24114,TRUE,0.581367701531464,0.652124459565907,675.368056140319,45.6574881943067,"","tmb",FALSE,FALSE,FALSE
"ri",0.5,5,86,30121,TRUE,0.496852400555866,0.546691954785951,0.0430333254293423,53517.9084704179,"","tmb",TRUE,FALSE,FALSE
"ar1",0.5,1,87,6094,TRUE,0.582925052429321,0.568548212190844,0.118324032241688,142.165698814307,"g","boundary",TRUE,FALSE,FALSE
"ar1",0.2,2,87,12101,TRUE,3.16104874911133e-05,3.68174405117349e-05,0,-2.42380338022485e-09,"g,dispersion","boundary",TRUE,TRUE,TRUE
"ar1",0.05,3,87,18108,TRUE,2.12959184237823e-05,2.83844205110258e-05,0,-5.83349901717156e-09,"g,dispersion","boundary",TRUE,TRUE,TRUE
"ri1",0.5,4,87,24115,TRUE,0.531331145353765,0.649095431134018,0.0816496580908785,45.6574888589766,"g","boundary",TRUE,FALSE,FALSE
"ri",0.5,5,87,30122,TRUE,0.499670452543506,0.550467596560448,0.0430333440557927,53517.9069292079,"","tmb",TRUE,FALSE,FALSE
"ar1",0.5,1,88,6095,TRUE,0.372742530989564,0.386613547759174,0.370424661234405,12.1781271497637,"g","boundary",TRUE,FALSE,FALSE
"ar1",0.2,2,88,12102,TRUE,0.236821989378309,0.276953721010066,0.25595856749857,14.297642106137,"g","boundary",TRUE,FALSE,FALSE
"ar1",0.05,3,88,18109,TRUE,1.54901428096953e-05,1.8917087874751e-05,0,-3.06363290292211e-09,"g,dispersion","boundary",TRUE,TRUE,TRUE
"ri1",0.5,4,88,24116,TRUE,0.522729746473583,0.66928671362692,68.3874814842412,45.6574355492002,"","tmb",FALSE,FALSE,FALSE
"ri",0.5,5,88,30123,TRUE,0.50499723785129,0.696757615325137,0.0430333160258668,53518.003722533,"","tmb",TRUE,FALSE,FALSE
"ar1",0.5,1,89,6096,TRUE,0.602124305719909,0.655705246372109,0.0901811609644661,298.770213549329,"g","boundary",TRUE,FALSE,FALSE
"ar1",0.2,2,89,12103,TRUE,0.206168311917363,0.201519382093493,0.512395233959717,3.18347576962117,"g","boundary",TRUE,FALSE,FALSE
"ar1",0.05,3,89,18110,TRUE,1.24100295842852e-05,1.57826213897035e-05,0,-4.68025973532349e-09,"g,dispersion","boundary",TRUE,TRUE,TRUE
"ri1",0.5,4,89,24117,TRUE,0.558625790641209,0.661903621123723,168.882336231886,45.6574800176456,"","tmb",FALSE,FALSE,FALSE
"ri",0.5,5,89,30124,TRUE,0.491111439731794,0.600062876490589,0.0430334311693807,53517.901825549,"","tmb",TRUE,FALSE,FALSE
"ar1",0.5,1,90,6097,TRUE,0.550496443240536,0.598485302973042,0.128570347417776,136.338909652898,"g","boundary",TRUE,FALSE,FALSE
"ar1",0.2,2,90,12104,TRUE,0.248394464483845,0.269417553217183,0.287361506963927,11.2925292738769,"g","boundary",TRUE,FALSE,FALSE
"ar1",0.05,3,90,18111,TRUE,0.340523489221165,0.408538464379503,0.140484779803359,66.2642370298857,"g","boundary",TRUE,FALSE,FALSE
"ri1",0.5,4,90,24118,TRUE,0.55038174059406,0.667107558774972,0.081649658092868,45.657488889037,"g","boundary",TRUE,FALSE,FALSE
"ri",0.5,5,90,30125,TRUE,0.484283070162485,0.544844207454348,0.0430331562391156,53517.9037463413,"","tmb",TRUE,FALSE,FALSE
"ar1",0.5,1,91,6098,TRUE,0.284034116736078,0.274570544202074,0.73238798071502,3.09372588741638,"g","boundary",TRUE,FALSE,FALSE
"ar1",0.2,2,91,12105,TRUE,0.258512099525324,0.321194763058532,0.408026042720847,8.41914689256964,"g","boundary",TRUE,FALSE,FALSE
"ar1",0.05,3,91,18112,TRUE,7.85429567835415e-05,8.85026172704538e-05,0,0.000224145421270805,"dispersion","boundary",TRUE,TRUE,TRUE
"ri1",0.5,4,91,24119,TRUE,0.533457242583077,0.65460391192765,0.0816496580891653,45.6575005757845,"g","boundary",TRUE,FALSE,FALSE
"ri",0.5,5,91,30126,TRUE,0.490963574673607,0.594984822992712,0.0430332392229932,53517.9214739847,"","tmb",TRUE,FALSE,FALSE
"ar1",0.5,1,92,6099,TRUE,0.396938058851446,0.382311066572652,0.223796465778328,29.0985823881266,"g","boundary",TRUE,FALSE,FALSE
"ar1",0.2,2,92,12106,TRUE,1.39037685823388e-05,1.48059514003974e-05,0,-2.28556018555537e-09,"g,dispersion","boundary",TRUE,TRUE,TRUE
"ar1",0.05,3,92,18113,TRUE,3.22691248958372e-05,3.80580058647864e-05,0,-0.00109233436660361,"dispersion","boundary",TRUE,TRUE,TRUE
"ri1",0.5,4,92,24120,TRUE,0.573106383213874,0.664473855753754,83.6208482474576,45.6574531635899,"","tmb",FALSE,FALSE,FALSE
"ri",0.5,5,92,30127,TRUE,0.50605604496561,0.630787599863555,0.0430346849214739,53517.9393799476,"","tmb",TRUE,FALSE,FALSE
"ar1",0.5,1,93,6100,TRUE,0.205640761113104,0.21015352192245,1.44406424577596,0.819819763138298,"g","boundary",TRUE,FALSE,FALSE
"ar1",0.2,2,93,12107,TRUE,0.103054056349397,0.113070272988963,2.02888448249475,0.242330297405488,"","tmb",TRUE,FALSE,FALSE
"ar1",0.05,3,93,18114,TRUE,2.06784661534734e-05,2.29882209964069e-05,0,-2.80488166026771e-09,"g,dispersion","boundary",TRUE,TRUE,TRUE
"ri1",0.5,4,93,24121,TRUE,0.555541018759619,0.661872340381937,0.0816496580934215,45.6575132388514,"g","boundary",TRUE,FALSE,FALSE
"ri",0.5,5,93,30128,TRUE,0.5083604913452,0.614112047491198,0.0430372182778438,53517.902561534,"","tmb",TRUE,FALSE,FALSE
"ar1",0.5,1,94,6101,TRUE,0.507155552713209,0.503839620482077,0.132290606498931,97.2482339161701,"g","boundary",TRUE,FALSE,FALSE
"ar1",0.2,2,94,12108,TRUE,0.177573819927934,0.211362177762687,0.544870953741196,2.94183418227482,"g","boundary",TRUE,FALSE,FALSE
"ar1",0.05,3,94,18115,TRUE,1.31623387457394e-05,1.67545933604928e-05,0,-2.76577338809147e-09,"g,dispersion","boundary",TRUE,TRUE,TRUE
"ri1",0.5,4,94,24122,TRUE,0.528418009163142,0.652916991253737,596.289290769259,45.6574880400603,"","tmb",FALSE,FALSE,FALSE
"ri",0.5,5,94,30129,TRUE,0.500910830704535,0.670749070925432,0.0430338021211922,53517.9540602304,"","tmb",TRUE,FALSE,FALSE
"ar1",0.5,1,95,6102,TRUE,0.551932169718918,0.550934747577831,0.105905483816759,172.395924181832,"g","boundary",TRUE,FALSE,FALSE
"ar1",0.2,2,95,12109,TRUE,8.74243644597473e-05,0.00010104190255437,0,-6.64228391542565e-05,"dispersion","boundary",TRUE,TRUE,TRUE
"ar1",0.05,3,95,18116,TRUE,0.216107660796418,0.252423758377957,0.30584344173089,8.10659782689538,"g","boundary",TRUE,FALSE,FALSE
"ri1",0.5,4,95,24123,TRUE,0.5332284336415,0.669309768710877,0.0816496580948134,45.657494007091,"g","boundary",TRUE,FALSE,FALSE
"ri",0.5,5,95,30130,TRUE,0.458983708848315,0.541040435010001,0.0430332057002635,53517.9074130158,"","tmb",TRUE,FALSE,FALSE
"ar1",0.5,1,96,6103,TRUE,0.359254495270829,0.362085437388116,0.511126040808915,9.01364980227487,"g","boundary",TRUE,FALSE,FALSE
"ar1",0.2,2,96,12110,TRUE,0.000160938850519217,0.000183985089885928,0,-5.38227641300182e-06,"dispersion","boundary",TRUE,TRUE,TRUE
"ar1",0.05,3,96,18117,TRUE,5.99722342291134e-05,7.69081741462461e-05,0,-0.000485385256979498,"dispersion","boundary",TRUE,TRUE,TRUE
"ri1",0.5,4,96,24124,TRUE,0.597466869561282,0.657145542493113,91.4054393704388,45.6574589652877,"","tmb",FALSE,FALSE,FALSE
"ri",0.5,5,96,30131,TRUE,0.468789214683583,0.605095816156278,0.0430358106989958,53517.9484079851,"","tmb",TRUE,FALSE,FALSE
"ar1",0.5,1,97,6104,TRUE,0.0348990019375038,0.034157573129917,46.8550790945879,0.000796760423668275,"","tmb",FALSE,TRUE,FALSE
"ar1",0.2,2,97,12111,TRUE,0.251716365663788,0.297401999723755,0.403294442199069,8.74640366886115,"","tmb",TRUE,FALSE,FALSE
"ar1",0.05,3,97,18118,TRUE,0.174308490673239,0.203412231206128,0.615656150318987,2.57339801336377,"g","boundary",TRUE,FALSE,FALSE
"ri1",0.5,4,97,24125,TRUE,0.557683769996942,0.664226870055013,155.498142619528,45.6574784515025,"","tmb",FALSE,FALSE,FALSE
"ri",0.5,5,97,30132,TRUE,0.474370834795774,0.612781807539008,0.0430338280378722,53517.9164681117,"","tmb",TRUE,FALSE,FALSE
"ar1",0.5,1,98,6105,TRUE,0.613707477985317,0.594948580801431,0.112132703592135,187.262296535027,"","tmb",TRUE,FALSE,FALSE
"ar1",0.2,2,98,12112,TRUE,0.284491755885298,0.330128335804686,0.224030395760468,17.7185620002145,"g","boundary",TRUE,FALSE,FALSE
"ar1",0.05,3,98,18119,TRUE,6.29559250293349e-05,7.99541772667023e-05,0,-6.35236574453302e-09,"g,dispersion","boundary",TRUE,TRUE,TRUE
"ri1",0.5,4,98,24126,TRUE,0.566622379648808,0.65661398657341,0.081649658096804,45.6575127212104,"g","boundary",TRUE,FALSE,FALSE
"ri",0.5,5,98,30133,TRUE,0.508076020348962,0.542711848817498,0.0430337862351903,53517.893404093,"","tmb",TRUE,FALSE,FALSE
"ar1",0.5,1,99,6106,TRUE,0.521311122972137,0.522648138055089,0.101376855976473,156.421738826174,"g","boundary",TRUE,FALSE,FALSE
"ar1",0.2,2,99,12113,TRUE,0.109477662662844,0.122986734777482,2.63976787172303,0.16903305792232,"g","boundary",TRUE,FALSE,FALSE
"ar1",0.05,3,99,18120,TRUE,8.39006008005093e-05,9.52807127180949e-05,0,-3.41394184033561e-05,"dispersion","boundary",TRUE,TRUE,TRUE
"ri1",0.5,4,99,24127,TRUE,0.575412219632212,0.669487345392696,89.4154974387459,45.6574576252521,"","tmb",FALSE,FALSE,FALSE
"ri",0.5,5,99,30134,TRUE,0.52570778742963,0.580771629283831,0.0430336760278996,53517.9144400751,"","tmb",TRUE,FALSE,FALSE
"ar1",0.5,1,100,6107,TRUE,0.24821664054189,0.243045859232954,1.13684599035388,1.82176944721948,"","tmb",TRUE,FALSE,FALSE
"ar1",0.2,2,100,12114,TRUE,1.6666901726511e-05,2.0803574043531e-05,0,-9.6451913123019e-10,"g,dispersion","boundary",TRUE,TRUE,TRUE
"ar1",0.05,3,100,18121,TRUE,7.95394620033392e-06,9.90412962009997e-06,0,-2.29192664846778e-09,"g,dispersion","boundary",TRUE,TRUE,TRUE
"ri1",0.5,4,100,24128,TRUE,0.528101027284515,0.631838352397814,113.523703304805,45.6574694371306,"","tmb",FALSE,FALSE,FALSE
"ri",0.5,5,100,30135,TRUE,0.490630225125283,0.747440195603876,0.0430343291622333,53518.1948915872,"","tmb",TRUE,FALSE,FALSE
