"cell","arm","G","m","icc","pairs","what","z_reml","z_ml","s_reml","s_ml","df_s_reml","df_s_ml","se_reml","se_ml","held_reml","held_ml"
1,"D1",6,5,0.05,1000,"coverage",0.925,0.901,0.946,0.924,4.00002457485289,29.9999978343247,0.425655188152149,0.379416286290891,0.475,0.693
2,"D1",10,5,0.05,1000,"coverage",0.944,0.926,0.957,0.943,8.00001730525001,49.9999925686072,0.326416410558961,0.303469706911406,0.409,0.562
3,"D1",20,5,0.05,1000,"coverage",0.948,0.935,0.962,0.952,18.0000296919746,20.0000722429976,0.227003395350623,0.21816841256662,0.292,0.418
4,"D1",6,20,0.05,1000,"coverage",0.911,0.872,0.944,0.904,3.99999999037959,6.00001457703164,0.258600887729197,0.221644180295732,0.256,0.418
5,"D1",10,20,0.05,1000,"coverage",0.902,0.881,0.935,0.902,7.99999800797045,10.00000233964,0.199123249406829,0.180454012069307,0.133,0.227
6,"D1",20,20,0.05,1000,"coverage",0.923,0.907,0.938,0.924,17.9999949141895,19.9999972771614,0.140897793504312,0.133936046990359,0.045,0.071
7,"D1",6,5,0.3,1000,"coverage",0.893,0.858,0.949,0.889,3.99999897867647,6.00000036294009,0.612200750830922,0.510595435509003,0.148,0.258
8,"D1",10,5,0.3,1000,"coverage",0.912,0.89,0.949,0.915,7.99999663176937,9.99999667239324,0.487387093779126,0.437464648669789,0.042,0.094
9,"D1",20,5,0.3,1000,"coverage",0.932,0.921,0.95,0.934,17.9999900475723,19.9999896357901,0.351709472673263,0.333731473668259,0.007,0.011
10,"D1",6,20,0.3,1000,"coverage",0.889,0.817,0.961,0.893,3.99999949167699,5.99999870293727,0.524069261872415,0.428883800257578,0.025,0.044
11,"D1",10,20,0.3,1000,"coverage",0.91,0.873,0.946,0.914,7.99999891875138,9.9999972504089,0.419738106037631,0.375453950878105,0.002,0.002
12,"D1",20,20,0.3,1000,"coverage",0.933,0.92,0.946,0.934,17.9999982811974,19.9999975039543,0.304637605718949,0.289004603125701,0,0
13,"D2",6,5,0.3,998,"coverage",0.938877755511022,0.929789368104313,0.969939879759519,0.957873620862588,5.81332093315433,8.56782278830168,0.256956078526377,0.246172148158042,0.710420841683367,0.806613226452906
14,"D2",10,5,0.3,999,"coverage",0.927927927927928,0.928928928928929,0.94994994994995,0.946946946946947,9.82166813718699,12.3900465570985,0.191781003504566,0.187828308313872,0.580580580580581,0.661661661661662
15,"D2",20,5,0.3,999,"coverage",0.943943943943944,0.941941941941942,0.952952952952953,0.952952952952953,17.7317439618077,19.8214734046271,0.131062017892613,0.130035905409085,0.358358358358358,0.424424424424424
16,"D2",6,20,0.3,1000,"coverage",0.931,0.917,0.965,0.953,5.09046058514318,6.24257741113135,0.152795486669124,0.141897333448587,0.324,0.421
17,"D2",10,20,0.3,1000,"coverage",0.928,0.911,0.953,0.945,8.94316474908264,10.0123600078004,0.118573379713255,0.113197538920379,0.147,0.192
18,"D2",20,20,0.3,1000,"coverage",0.933,0.926,0.949,0.942,18.6827831486852,19.6455538768208,0.0845864516298454,0.0825425216648758,0.024,0.028
19,"D3",6,5,0,1000,"coverage",0.937,0.92,0.959,0.936,27.9999954038157,29.9999986252598,0.396834442413139,0.359934176941523,0.576,0.778
20,"D3",10,5,0,1000,"coverage",0.954,0.94,0.966,0.954,47.9999934626075,49.9999974612118,0.303405843419634,0.286367239368767,0.558,0.716
21,"D3",20,5,0,1000,"coverage",0.958,0.951,0.962,0.957,97.9999895095102,99.9999954497183,0.209962067737683,0.204120263691805,0.556,0.673
22,"D4",6,5,0.3,1000,"size",0.164,0.275,0.078,0.19,2.99999946106937,6.00000953894583,NA,NA,0.188,0.414
23,"D4",12,5,0.3,1000,"size",0.087,0.142,0.04,0.088,8.99999586783473,11.9999963015762,NA,NA,0.033,0.081
24,"D4",21,5,0.3,1000,"size",0.069,0.1,0.04,0.069,17.999989958268,20.9999893528953,NA,NA,0.001,0.01
