"cell","arm","G","m","icc","what","method","reml","ml","n","reml_only","ml_only","p"
1,"D1",6,5,0.05,"covers","z",0.925,0.901,1000,24,0,1.19209289550781e-07
1,"D1",6,5,0.05,"covers","s",0.946,0.924,1000,22,0,4.76837158203125e-07
2,"D1",10,5,0.05,"covers","z",0.944,0.926,1000,18,0,7.62939453124999e-06
2,"D1",10,5,0.05,"covers","s",0.957,0.943,1000,14,0,0.0001220703125
3,"D1",20,5,0.05,"covers","z",0.948,0.935,1000,13,0,0.000244140625
3,"D1",20,5,0.05,"covers","s",0.962,0.952,1000,10,0,0.001953125
4,"D1",6,20,0.05,"covers","z",0.911,0.872,1000,39,0,3.63797880709172e-12
4,"D1",6,20,0.05,"covers","s",0.944,0.904,1000,40,0,1.81898940354586e-12
5,"D1",10,20,0.05,"covers","z",0.902,0.881,1000,21,0,9.53674316406249e-07
5,"D1",10,20,0.05,"covers","s",0.935,0.902,1000,33,0,2.3283064365387e-10
6,"D1",20,20,0.05,"covers","z",0.923,0.907,1000,16,0,3.0517578125e-05
6,"D1",20,20,0.05,"covers","s",0.938,0.924,1000,14,0,0.0001220703125
7,"D1",6,5,0.3,"covers","z",0.893,0.858,1000,35,0,5.82076609134676e-11
7,"D1",6,5,0.3,"covers","s",0.949,0.889,1000,60,0,1.73472347597681e-18
8,"D1",10,5,0.3,"covers","z",0.912,0.89,1000,22,0,4.76837158203125e-07
8,"D1",10,5,0.3,"covers","s",0.949,0.915,1000,34,0,1.16415321826935e-10
9,"D1",20,5,0.3,"covers","z",0.932,0.921,1000,11,0,0.0009765625
9,"D1",20,5,0.3,"covers","s",0.95,0.934,1000,16,0,3.0517578125e-05
10,"D1",6,20,0.3,"covers","z",0.889,0.817,1000,72,0,4.23516473627151e-22
10,"D1",6,20,0.3,"covers","s",0.961,0.893,1000,68,0,6.77626357803441e-21
11,"D1",10,20,0.3,"covers","z",0.91,0.873,1000,37,0,1.45519152283669e-11
11,"D1",10,20,0.3,"covers","s",0.946,0.914,1000,32,0,4.65661287307739e-10
12,"D1",20,20,0.3,"covers","z",0.933,0.92,1000,13,0,0.000244140625
12,"D1",20,20,0.3,"covers","s",0.946,0.934,1000,12,0,0.00048828125
13,"D2",6,5,0.3,"covers","z",0.938877755511022,0.929789368104313,997,10,1,0.01171875
13,"D2",6,5,0.3,"covers","s",0.969939879759519,0.957873620862588,997,13,1,0.0018310546875
14,"D2",10,5,0.3,"covers","z",0.927927927927928,0.928928928928929,999,2,3,1
14,"D2",10,5,0.3,"covers","s",0.94994994994995,0.946946946946947,999,5,2,0.453125
15,"D2",20,5,0.3,"covers","z",0.943943943943944,0.941941941941942,999,4,2,0.6875
15,"D2",20,5,0.3,"covers","s",0.952952952952953,0.952952952952953,999,1,1,1
16,"D2",6,20,0.3,"covers","z",0.931,0.917,1000,15,1,0.000518798828125
16,"D2",6,20,0.3,"covers","s",0.965,0.953,1000,12,0,0.00048828125
17,"D2",10,20,0.3,"covers","z",0.928,0.911,1000,17,0,1.52587890625e-05
17,"D2",10,20,0.3,"covers","s",0.953,0.945,1000,8,0,0.0078125
18,"D2",20,20,0.3,"covers","z",0.933,0.926,1000,7,0,0.015625
18,"D2",20,20,0.3,"covers","s",0.949,0.942,1000,7,0,0.015625
19,"D3",6,5,0,"covers","z",0.937,0.92,1000,17,0,1.52587890625e-05
19,"D3",6,5,0,"covers","s",0.959,0.936,1000,23,0,2.38418579101562e-07
20,"D3",10,5,0,"covers","z",0.954,0.94,1000,14,0,0.0001220703125
20,"D3",10,5,0,"covers","s",0.966,0.954,1000,12,0,0.00048828125
21,"D3",20,5,0,"covers","z",0.958,0.951,1000,7,0,0.015625
21,"D3",20,5,0,"covers","s",0.962,0.957,1000,5,0,0.0625
22,"D4",6,5,0.3,"rejects","z",0.164,0.275,1000,0,111,7.70371977754898e-34
22,"D4",6,5,0.3,"rejects","s",0.078,0.19,1000,0,112,3.8518598887745e-34
23,"D4",12,5,0.3,"rejects","z",0.087,0.142,1000,0,55,5.55111512312579e-17
23,"D4",12,5,0.3,"rejects","s",0.04,0.088,1000,0,48,7.10542735760101e-15
24,"D4",21,5,0.3,"rejects","z",0.069,0.1,1000,0,31,9.31322574615477e-10
24,"D4",21,5,0.3,"rejects","s",0.04,0.069,1000,0,29,3.72529029846191e-09
