"cell","arm","G","m","icc","split","method","what","n","estimate","mcse","calibrated","gap","df_median","df_bad","errors","warned","n_held","n_nonconv","time_mean"
1,"D1",6,5,0.05,"all","z","coverage",1000,0.925,0.00689202437604511,FALSE,0.0249999999999999,Inf,0,0,0,475,0,0.00116999999999851
1,"D1",6,5,0.05,"all","s","coverage",1000,0.946,0.00689202437604511,TRUE,0.004,4.00002457485289,0,0,0,475,0,0.0293500000000003
1,"D1",6,5,0.05,"all","kr","coverage",1000,0.979,0.00689202437604511,FALSE,0.029,4,0,0,0,475,0,0.00633999999999935
2,"D1",10,5,0.05,"all","z","coverage",1000,0.944,0.00689202437604511,TRUE,0.00600000000000001,Inf,0,0,0,409,0,0.0010599999999996
2,"D1",10,5,0.05,"all","s","coverage",1000,0.957,0.00689202437604511,TRUE,0.00700000000000001,8.00001730525001,0,0,0,409,0,0.0303099999999984
2,"D1",10,5,0.05,"all","kr","coverage",1000,0.969,0.00689202437604511,FALSE,0.019,8,0,0,0,409,0,0.00676999999999971
3,"D1",20,5,0.05,"all","z","coverage",1000,0.948,0.00689202437604511,TRUE,0.002,Inf,0,0,0,292,0,0.00113999999999948
3,"D1",20,5,0.05,"all","s","coverage",1000,0.962,0.00689202437604511,TRUE,0.012,18.0000296919746,0,0,0,292,0,0.0338400000000037
3,"D1",20,5,0.05,"all","kr","coverage",1000,0.966,0.00689202437604511,FALSE,0.016,18,0,0,0,292,0,0.00796000000000188
4,"D1",6,20,0.05,"all","z","coverage",1000,0.911,0.00689202437604511,FALSE,0.0389999999999999,Inf,0,0,0,256,0,0.000740000000000855
4,"D1",6,20,0.05,"all","s","coverage",1000,0.944,0.00689202437604511,TRUE,0.00600000000000001,3.99999999037959,0,0,0,256,0,0.0324099999999992
4,"D1",6,20,0.05,"all","kr","coverage",1000,0.977,0.00689202437604511,FALSE,0.027,4,0,0,0,256,0,0.00870000000000254
5,"D1",10,20,0.05,"all","z","coverage",1000,0.902,0.00689202437604511,FALSE,0.0479999999999999,Inf,0,0,0,133,0,0.000890000000000082
5,"D1",10,20,0.05,"all","s","coverage",1000,0.935,0.00689202437604511,FALSE,0.0149999999999999,7.99999800797045,0,0,0,133,0,0.0346000000000031
5,"D1",10,20,0.05,"all","kr","coverage",1000,0.943,0.00689202437604511,TRUE,0.00700000000000001,7.99999999999999,0,0,0,133,0,0.0137699999999991
6,"D1",20,20,0.05,"all","z","coverage",1000,0.923,0.00689202437604511,FALSE,0.0269999999999999,Inf,0,0,0,45,0,0.00115000000000013
6,"D1",20,20,0.05,"all","s","coverage",1000,0.938,0.00689202437604511,TRUE,0.012,17.9999949141895,0,0,0,45,0,0.0406800000000006
6,"D1",20,20,0.05,"all","kr","coverage",1000,0.939,0.00689202437604511,TRUE,0.011,18,0,0,0,45,0,0.0576200000000043
7,"D1",6,5,0.3,"all","z","coverage",1000,0.893,0.00689202437604511,FALSE,0.0569999999999999,Inf,0,0,0,148,0,0.000950000000001287
7,"D1",6,5,0.3,"all","s","coverage",1000,0.949,0.00689202437604511,TRUE,0.001,3.99999897867647,0,0,0,148,0,0.0301700000000002
7,"D1",6,5,0.3,"all","kr","coverage",1000,0.973,0.00689202437604511,FALSE,0.023,4,0,0,0,148,0,0.00694999999999794
8,"D1",10,5,0.3,"all","z","coverage",1000,0.912,0.00689202437604511,FALSE,0.0379999999999999,Inf,0,0,0,42,0,0.0012200000000001
8,"D1",10,5,0.3,"all","s","coverage",1000,0.949,0.00689202437604511,TRUE,0.001,7.99999663176937,0,0,0,42,0,0.0314299999999993
8,"D1",10,5,0.3,"all","kr","coverage",1000,0.951,0.00689202437604511,TRUE,0.001,8,0,0,0,42,0,0.00677000000000017
9,"D1",20,5,0.3,"all","z","coverage",1000,0.932,0.00689202437604511,FALSE,0.0179999999999999,Inf,0,0,0,7,0,0.00112000000000051
9,"D1",20,5,0.3,"all","s","coverage",1000,0.95,0.00689202437604511,TRUE,0,17.9999900475723,0,0,0,7,0,0.0339199999999964
9,"D1",20,5,0.3,"all","kr","coverage",1000,0.95,0.00689202437604511,TRUE,0,18,0,0,0,7,0,0.00794000000000031
10,"D1",6,20,0.3,"all","z","coverage",1000,0.889,0.00689202437604511,FALSE,0.0609999999999999,Inf,0,0,0,25,0,0.00101000000000116
10,"D1",6,20,0.3,"all","s","coverage",1000,0.961,0.00689202437604511,TRUE,0.011,3.99999949167699,0,0,0,25,0,0.0329199999999962
10,"D1",6,20,0.3,"all","kr","coverage",1000,0.964,0.00689202437604511,FALSE,0.014,4,0,0,0,25,0,0.00863999999999956
11,"D1",10,20,0.3,"all","z","coverage",1000,0.91,0.00689202437604511,FALSE,0.0399999999999999,Inf,0,0,0,2,0,0.00129000000000133
11,"D1",10,20,0.3,"all","s","coverage",1000,0.946,0.00689202437604511,TRUE,0.004,7.99999891875138,0,0,0,2,0,0.0348999999999961
11,"D1",10,20,0.3,"all","kr","coverage",1000,0.946,0.00689202437604511,TRUE,0.004,8,0,0,0,2,0,0.014010000000002
12,"D1",20,20,0.3,"all","z","coverage",1000,0.933,0.00689202437604511,FALSE,0.0169999999999999,Inf,0,0,0,0,0,0.000889999999999677
12,"D1",20,20,0.3,"all","s","coverage",1000,0.946,0.00689202437604511,TRUE,0.004,17.9999982811974,0,0,0,0,0,0.0408000000000002
12,"D1",20,20,0.3,"all","kr","coverage",1000,0.946,0.00689202437604511,TRUE,0.004,18,0,0,0,0,0,0.0572900000000007
13,"D2",6,5,0.3,"all","z","coverage",998,0.938877755511022,0.00689892675571799,TRUE,0.0111222444889779,Inf,0,0,0,709,8,0.00120240480962027
13,"D2",6,5,0.3,"all","s","coverage",998,0.969939879759519,0.00689892675571799,FALSE,0.0199398797595191,5.81332093315433,4,0,3,709,8,0.055030060120237
13,"D2",6,5,0.3,"all","kr","coverage",998,0.993987975951904,0.00689892675571799,FALSE,0.0439879759519038,3.99138540464417,0,0,0,709,8,0.0139078156312623
14,"D2",10,5,0.3,"all","z","coverage",999,0.927927927927928,0.00689547297489792,FALSE,0.0220720720720721,Inf,0,0,0,580,7,0.000980980980981323
14,"D2",10,5,0.3,"all","s","coverage",999,0.94994994994995,0.00689547297489792,TRUE,5.00500500499879e-05,9.82166813718699,1,0,2,580,7,0.0573673673673663
14,"D2",10,5,0.3,"all","kr","coverage",999,0.981981981981982,0.00689547297489792,FALSE,0.031981981981982,7.09535480179085,0,0,0,580,7,0.0138338338338327
15,"D2",20,5,0.3,"all","z","coverage",999,0.943943943943944,0.00689547297489792,TRUE,0.00605605605605597,Inf,0,0,0,358,6,0.00100100100100106
15,"D2",20,5,0.3,"all","s","coverage",999,0.952952952952953,0.00689547297489792,TRUE,0.00295295295295295,17.7317439618077,1,0,3,358,6,0.0633333333333303
15,"D2",20,5,0.3,"all","kr","coverage",999,0.968968968968969,0.00689547297489792,FALSE,0.018968968968969,15.0641553975406,0,0,0,358,6,0.0150750750750762
16,"D2",6,20,0.3,"all","z","coverage",1000,0.931,0.00689202437604511,FALSE,0.0189999999999999,Inf,0,0,0,324,1,0.00104999999999897
16,"D2",6,20,0.3,"all","s","coverage",1000,0.965,0.00689202437604511,FALSE,0.015,5.09046058514318,0,0,0,324,1,0.0587400000000001
16,"D2",6,20,0.3,"all","kr","coverage",1000,0.983,0.00689202437604511,FALSE,0.033,4.8910196556922,0,0,0,324,1,0.0162299999999997
17,"D2",10,20,0.3,"all","z","coverage",1000,0.928,0.00689202437604511,FALSE,0.0219999999999999,Inf,0,0,0,147,0,0.00110999999999908
17,"D2",10,20,0.3,"all","s","coverage",1000,0.953,0.00689202437604511,TRUE,0.003,8.94316474908264,0,0,0,147,0,0.0653200000000009
17,"D2",10,20,0.3,"all","kr","coverage",1000,0.963,0.00689202437604511,TRUE,0.013,8.81392101739712,0,0,0,147,0,0.0227300000000004
18,"D2",20,20,0.3,"all","z","coverage",1000,0.933,0.00689202437604511,FALSE,0.0169999999999999,Inf,0,0,0,24,1,0.00114999999999935
18,"D2",20,20,0.3,"all","s","coverage",1000,0.949,0.00689202437604511,TRUE,0.001,18.6827831486852,1,0,1,24,1,0.0835799999999995
18,"D2",20,20,0.3,"all","kr","coverage",1000,0.952,0.00689202437604511,TRUE,0.002,18.6721185350369,0,0,0,24,1,0.0713300000000036
19,"D3",6,5,0,"all","z","coverage",1000,0.937,0.00689202437604511,TRUE,0.0129999999999999,Inf,0,0,0,576,0,0.00111999999999976
19,"D3",6,5,0,"all","s","coverage",1000,0.959,0.00689202437604511,TRUE,0.00900000000000001,27.9999954038157,0,0,0,576,0,0.0290899999999962
19,"D3",6,5,0,"all","kr","coverage",1000,0.994,0.00689202437604511,FALSE,0.044,4,0,0,0,576,0,0.00694000000000018
19,"D3",6,5,0,"held","z","coverage",576,0.918402777777778,0.00908103946570974,FALSE,0.0315972222222222,Inf,0,0,0,576,0,0.00128472222222135
19,"D3",6,5,0,"held","s","coverage",576,0.930555555555556,0.00908103946570974,FALSE,0.0194444444444444,28.000000263694,0,0,0,576,0,0.0283506944444411
19,"D3",6,5,0,"held","kr","coverage",576,0.991319444444444,0.00908103946570974,FALSE,0.0413194444444445,4,0,0,0,576,0,0.00682291666666659
19,"D3",6,5,0,"unheld","z","coverage",424,0.962264150943396,0.0105843422982627,TRUE,0.0122641509433963,Inf,0,0,0,0,0,0.000896226415094949
19,"D3",6,5,0,"unheld","s","coverage",424,0.997641509433962,0.0105843422982627,FALSE,0.0476415094339623,4.00000037348254,0,0,0,0,0,0.0300943396226372
19,"D3",6,5,0,"unheld","kr","coverage",424,0.997641509433962,0.0105843422982627,FALSE,0.0476415094339623,4,0,0,0,0,0,0.00709905660377412
20,"D3",10,5,0,"all","z","coverage",1000,0.954,0.00689202437604511,TRUE,0.004,Inf,0,0,0,558,0,0.000969999999999934
20,"D3",10,5,0,"all","s","coverage",1000,0.966,0.00689202437604511,FALSE,0.016,47.9999934626075,0,0,0,558,0,0.030500000000004
20,"D3",10,5,0,"all","kr","coverage",1000,0.978,0.00689202437604511,FALSE,0.028,8,0,0,0,558,0,0.00706999999999979
20,"D3",10,5,0,"held","z","coverage",558,0.937275985663082,0.00922634532351103,TRUE,0.0127240143369175,Inf,0,0,0,558,0,0.000788530465950199
20,"D3",10,5,0,"held","s","coverage",558,0.946236559139785,0.00922634532351103,TRUE,0.00376344086021496,48.000001302785,0,0,0,558,0,0.0293906810035886
20,"D3",10,5,0,"held","kr","coverage",558,0.967741935483871,0.00922634532351103,TRUE,0.017741935483871,8,0,0,0,558,0,0.00734767025089599
20,"D3",10,5,0,"unheld","z","coverage",442,0.975113122171946,0.0103665839768178,FALSE,0.0251131221719457,Inf,0,0,0,0,0,0.00119909502262381
20,"D3",10,5,0,"unheld","s","coverage",442,0.990950226244344,0.0103665839768178,FALSE,0.040950226244344,8.00000340721358,0,0,0,0,0,0.0319004524886914
20,"D3",10,5,0,"unheld","kr","coverage",442,0.990950226244344,0.0103665839768178,FALSE,0.040950226244344,8,0,0,0,0,0,0.00671945701357428
21,"D3",20,5,0,"all","z","coverage",1000,0.958,0.00689202437604511,TRUE,0.00800000000000001,Inf,0,0,0,556,0,0.000879999999999867
21,"D3",20,5,0,"all","s","coverage",1000,0.962,0.00689202437604511,TRUE,0.012,97.9999895095102,0,0,0,556,0,0.0329400000000081
21,"D3",20,5,0,"all","kr","coverage",1000,0.97,0.00689202437604511,FALSE,0.02,18,0,0,0,556,0,0.00757999999999794
21,"D3",20,5,0,"held","z","coverage",556,0.946043165467626,0.0092429245737623,TRUE,0.00395683453237405,Inf,0,0,0,556,0,0.000881294964028768
21,"D3",20,5,0,"held","s","coverage",556,0.946043165467626,0.0092429245737623,TRUE,0.00395683453237405,98.0000023740391,0,0,0,556,0,0.0327517985611619
21,"D3",20,5,0,"held","kr","coverage",556,0.960431654676259,0.0092429245737623,TRUE,0.0104316546762591,18,0,0,0,556,0,0.00760791366906157
21,"D3",20,5,0,"unheld","z","coverage",444,0.972972972972973,0.0103432094623469,FALSE,0.0229729729729731,Inf,0,0,0,0,0,0.000878378378378091
21,"D3",20,5,0,"unheld","s","coverage",444,0.981981981981982,0.0103432094623469,FALSE,0.031981981981982,18.0000229557042,0,0,0,0,0,0.0331756756756804
21,"D3",20,5,0,"unheld","kr","coverage",444,0.981981981981982,0.0103432094623469,FALSE,0.031981981981982,18,0,0,0,0,0,0.00754504504504438
22,"D4",6,5,0.3,"all","z","size",1000,0.164,0.00689202437604511,FALSE,0.114,Inf,0,0,0,188,0,0.00157999999999896
22,"D4",6,5,0.3,"all","s","size",1000,0.078,0.00689202437604511,FALSE,0.028,2.99999946106937,0,0,0,188,0,0.0391899999999993
22,"D4",6,5,0.3,"all","kr","size",1000,0.018,0.00689202437604511,FALSE,0.032,3,0,0,0,188,0,0.0068000000000001
23,"D4",12,5,0.3,"all","z","size",1000,0.087,0.00689202437604511,FALSE,0.037,Inf,0,0,0,33,0,0.00123000000000031
23,"D4",12,5,0.3,"all","s","size",1000,0.04,0.00689202437604511,TRUE,0.01,8.99999586783473,0,0,0,33,0,0.0420999999999976
23,"D4",12,5,0.3,"all","kr","size",1000,0.038,0.00689202437604511,TRUE,0.012,9,0,0,0,33,0,0.00685000000000029
24,"D4",21,5,0.3,"all","z","size",1000,0.069,0.00689202437604511,FALSE,0.019,Inf,0,0,0,1,0,0.00149999999999955
24,"D4",21,5,0.3,"all","s","size",1000,0.04,0.00689202437604511,TRUE,0.01,17.999989958268,0,0,0,1,0,0.044240000000003
24,"D4",21,5,0.3,"all","kr","size",1000,0.04,0.00689202437604511,TRUE,0.01,18,0,0,0,1,0,0.00816999999999967
